approval_id,name,record_class,stage,applicability_class,authority_id,legal_basis,regime_id,jurisdiction,trigger_summary,rule_ids,source_ids,confidence,implement_status,notes,record_state,final_status,record_type,lifecycle_stage,trigger_event,precondition,validity,renewal_trigger,change_trigger,closure_trigger
APR-001,Prior Environmental Clearance - Schedule item 5(f) Synthetic organic chemicals,APPROVAL,PRE_ESTABLISHMENT,ACTIVITY_DEPENDENT;LOCATION_DEPENDENT,AUT-001 (Cat A) / AUT-002 (Cat B),"EIA Notification 2006, Sch item 5(f), para 2; GC; SC",REG-EIA,CENTRAL (state-level appraisal for B),"Product falls in 5(f) description (dyes & intermediates; bulk drugs & intermediates excl. formulations; synthetic rubbers; basic organic chemicals; other synthetic organic chemicals and chemical intermediates). No capacity threshold. A if outside notified industrial area/estate (unless small-unit exception); B if inside, or small unit; GC escalates B->A",R-001;R-002;R-003;R-004;R-005,SRC-001,HIGH (rule) / product-scope classification needs expert input,"SAFE (logic) - product scope fact must be supplied, never inferred",Not every chemical unit needs EC: blending/formulation-only or products outside 5(f)/(e)/(b)/(h) may not,ACTIVE,VERIFIED_CONDITIONAL,APPROVAL,PRE_CONSTRUCTION,Proposal of 5(f) project,Form-1/ToR; public consultation for Cat A,10 years to start of production (R-075),Extension <=1 y if applied within validity,Expansion -> APR-052,Not stated
APR-002,Prior EC - item 5(e) Petrochemical based processing,APPROVAL,PRE_ESTABLISHMENT,ACTIVITY_DEPENDENT;LOCATION_DEPENDENT,AUT-001/AUT-002,EIA 2006 Sch 5(e),REG-EIA,CENTRAL,"Petrochemical-based processing (cracking/reformation not in complex); A outside notified area, B inside",R-006,SRC-001,MEDIUM,REQUIRES_OFFICIAL_CONFIRMATION,Scope boundary vs 5(f) must be decided by appraisal authority,ACTIVE,REQUIRES_OFFICIAL_CONFIRMATION,APPROVAL,PRE_CONSTRUCTION,UNKNOWN,UNKNOWN,UNKNOWN,UNKNOWN,UNKNOWN,UNKNOWN
APR-003,Prior EC - item 8(a) Building & construction,APPROVAL,PRE_ESTABLISHMENT,THRESHOLD_DEPENDENT,AUT-002,EIA 2006 Sch 8(a),REG-EIA,CENTRAL (SEIAA),"Built-up area >=20,000 and <1,50,000 m2, where built-up = covered area on all floors incl. basement and service areas. NO industrial-shed exclusion: Note 1 (industrial shed/school/college/hostel) inserted by S.O.523(E) 29-01-2025 was quashed by the Supreme Court on 05-08-2025. GC not applicable.",R-007;R-008,SRC-001,"HIGH (threshold) / UNKNOWN (interaction with 5(f), UNK-010)",SAFE (threshold) - combination with 5(f) must return UNKNOWN,Interaction with a 5(f) EC for the same project = UNKNOWN (UNK-010),ACTIVE,VERIFIED_CONDITIONAL,APPROVAL,PRE_CONSTRUCTION,UNKNOWN,UNKNOWN,UNKNOWN,UNKNOWN,UNKNOWN,UNKNOWN
APR-004,Prior EC - item 8(b) Township & area development,APPROVAL,PRE_ESTABLISHMENT,THRESHOLD_DEPENDENT,AUT-002,EIA 2006 Sch 8(b),REG-EIA,CENTRAL (SEIAA),"Area >=50 ha and/or built-up >=1,50,000 m2 -> B1",R-009,SRC-001,HIGH,SAFE,,ACTIVE,VERIFIED_CONDITIONAL,APPROVAL,PRE_CONSTRUCTION,UNKNOWN,UNKNOWN,UNKNOWN,UNKNOWN,UNKNOWN,UNKNOWN
APR-005,"EC for industrial estate - item 7(c) (estate developer, not unit)",APPROVAL,PRE_ESTABLISHMENT,LOCATION_DEPENDENT,AUT-001/AUT-002,EIA 2006 Sch 7(c); SC,REG-EIA,CENTRAL,Relevant to unit only via Specific Condition: individual units in estate with prior EC may be covered,R-010,SRC-001,MEDIUM,REQUIRES_OFFICIAL_CONFIRMATION,Whether a given MIDC estate holds estate EC = UNKNOWN per estate,ACTIVE,REQUIRES_OFFICIAL_CONFIRMATION,APPROVAL,PRE_CONSTRUCTION,UNKNOWN,UNKNOWN,UNKNOWN,UNKNOWN,UNKNOWN,UNKNOWN
APR-006,Prior EC - item 5(b) Pesticides industry & technical,APPROVAL,PRE_ESTABLISHMENT,ACTIVITY_DEPENDENT,AUT-001,EIA 2006 Sch 5(b),REG-EIA,CENTRAL,Manufacture of pesticide technical products - all Category A,R-011,SRC-001,HIGH,SAFE,,ACTIVE,VERIFIED_CONDITIONAL,APPROVAL,PRE_CONSTRUCTION,UNKNOWN,UNKNOWN,UNKNOWN,UNKNOWN,UNKNOWN,UNKNOWN
APR-007,Prior EC - item 5(h) Integrated paint industry,APPROVAL,PRE_ESTABLISHMENT,ACTIVITY_DEPENDENT,AUT-002,EIA 2006 Sch 5(h),REG-EIA,CENTRAL,Integrated paint (all B),R-012,SRC-001,HIGH,SAFE,,ACTIVE,VERIFIED_CONDITIONAL,APPROVAL,PRE_CONSTRUCTION,UNKNOWN,UNKNOWN,UNKNOWN,UNKNOWN,UNKNOWN,UNKNOWN
APR-008,Consent to Establish (Water & Air Acts),APPROVAL,PRE_ESTABLISHMENT,CORE,AUT-003,Water Act 1974 s.25; Air Act 1981 s.21; CPCB guidelines GSR 84/85(E) 2025 as amended GSR 62/63(E) 2026,REG-CONSENT,STATEWIDE,Any Red/Orange/Green establishment; White exempt; synthesis of organic chemicals is Red (111.x),R-013;R-014;R-015;R-016,SRC-004;SRC-005;SRC-010;SRC-011,HIGH,SAFE,MPCB consent is NOT EC; both may be needed independently. Deemed CTE (micro/small in notified estates) - Maharashtra operative detail UNKNOWN,ACTIVE,VERIFIED_CONDITIONAL,CONSENT,PRE_CONSTRUCTION,Before establishing / taking steps to establish,EC where applicable (MPCB verifies),As granted,Not stated in pack,Change in product/capacity -> APR-053,Not stated
APR-009,Consent to Operate (Water & Air Acts),APPROVAL,PRE_OPERATION,CORE,AUT-003,Water Act s.25/26; Air Act s.21,REG-CONSENT,STATEWIDE,Before commencing operation,R-017,SRC-004;SRC-005,HIGH,SAFE,"CTO validity after 27-01-2026: central text 'valid till cancelled' + State one-time fee; MPCB implementation UNKNOWN (UNK-001, CON-006). CTO for expansion/amendment outer limit 90/60/30 days (GSR 62 para 8 Sl.3; column mapping to Red/Orange/Green UNK-031).",ACTIVE,VERIFIED_CONDITIONAL,CONSENT,PRE_OPERATION,Before commencing operation,CTE,Valid till cancelled for CTO granted under 2026 amendment (R-062) - MH treatment REQUIRES_OFFICIAL_CONFIRMATION,UNK-001,APR-053,Not stated
APR-010,Hazardous waste authorisation (Form 1 -> Form 2),APPROVAL,PRE_OPERATION,ACTIVITY_DEPENDENT,AUT-003,HOWM Rules 2016 r.6,REG-HW,STATEWIDE,Occupier handles/generates/stores HW; application accompanied by CTE and CTO; validity 5 yrs; SPCB grant within 120 days,R-018,SRC-013,HIGH,SAFE,Integration into consent under 2026 amendment - UNKNOWN operative form in MH,ACTIVE,VERIFIED_CONDITIONAL,APPROVAL,PRE_OPERATION,Generation/handling of HW,Consent,As granted,As granted,Change in HW streams,Not stated
APR-011,Integrated consent + HW authorisation (2026 amendment model),APPROVAL,PRE_OPERATION,CORE,AUT-003,G.S.R. 62(E)/63(E) 23-01-2026 (Gazette 27-01-2026) para 7 (substituted): single-step procedure for consent under s.21 Air Act / s.25 Water Act along with authorisation under Waste Management Rules,REG-CONSENT,STATEWIDE,Per PIB summary,-,SRC-006;SRC-079,HIGH (central text) / UNKNOWN (MPCB operational implementation),DO_NOT_IMPLEMENT_YET,MPCB web notice 22-04-2026 only circulates the Gazette; no MPCB operational order found. Do not show as available service until MPCB/UCAMS workflow is verified.,ACTIVE,DO_NOT_IMPLEMENT_YET,CONSENT,PRE_OPERATION,UNKNOWN,UNKNOWN,UNKNOWN,UNKNOWN,UNKNOWN,UNKNOWN
APR-012,MSIHC - notification of site / safety report / on-site emergency plan,COMPLIANCE_APPROVAL,PRE_OPERATION,THRESHOLD_DEPENDENT,Per Sch 5: AUT-005 (Chief Inspector of Factories) for installations/storages under factory law; AUT-003 (SPCB) for isolated storage not so covered; AUT-008 (Chief Controller of Explosives) for PESO-licensed installations; District Collector for off-site plan,"MSIHC Rules 1989: r.4 (general duty - chemicals meeting Sch 1 Part I criteria or Sch 1 Part II; isolated storage >= Sch 2 col 3); r.5 (major accident notice within 48 h); r.6 (r.7-15 apply to industrial activity with Sch 3 chemical >= col 3, or isolated storage with Sch 2 chemical >= col 3; r.10-12 only at col 4); r.7 (approval + Sch 7 report >=3 months before; authority acts within 60 days); r.8 (further report forthwith on change); r.10 (safety report >=90 days before; annual safety audit; report within 30 days); r.11 (update >=90 days before modification; every 3 years); r.12 (additional info within 90 days); r.13 on-site plan; r.14 off-site plan (District Collector); Sch 4 installations; Sch 5 authorities",REG-MSIHC,"CENTRAL rules, state authority",Hazardous chemical quantity >= Sch 2/Sch 3 col 3 -> site notification >=3 months before activity; >= col 4 -> safety report >=90 days before; safety audit,R-019;R-020;R-021,SRC-016,HIGH,SAFE (logic) - chemical-to-schedule mapping must be supplied; aggregation per notes; no sum-of-ratios,Column-to-rule mapping to be re-verified from rule text; do not treat 'hazardous chemical' as automatic MSIHC obligation,ACTIVE,VERIFIED_CONDITIONAL,REPORT,PRE_OPERATION;OPERATION,Hazardous chemical above Sch 2/3 thresholds,MAH derivation (R-091),-,Safety report update (CMP-010),Further site report on change (CMP-020),Not stated
APR-013,Maharashtra Factories (Control of Industrial Major Accident Hazards) Rules 2003,COMPLIANCE,OPERATION,THRESHOLD_DEPENDENT,AUT-005,Maharashtra Factories (CIMAH) Rules 2003,REG-FACT,STATEWIDE,Content not retrieved,-,SRC-028,LOW,DO_NOT_IMPLEMENT_YET,Existence confirmed only by DISH page,ACTIVE,DO_NOT_IMPLEMENT_YET,REPORT,OPERATION,UNKNOWN,UNKNOWN,UNKNOWN,UNKNOWN,UNKNOWN,UNKNOWN
APR-015,Factory plan approval,APPROVAL,PRE_ESTABLISHMENT,THRESHOLD_DEPENDENT,AUT-005,"OSH Code 2020 (whole Code in force 21-11-2025, S.O.5321(E)); DISH RTS service (page updated 01-09-2026) still cites Factories Act 1948 + MFR 1963 = PORTAL LEGACY SERVICE, presumed to run under OSH s.143 savings (inference)",REG-LAB,STATEWIDE,Premises will be a factory (>=20 workers with power / >=40 without),R-022,SRC-029;SRC-031;SRC-021,MEDIUM,REQUIRES_OFFICIAL_CONFIRMATION,Legacy service still live; transitional,ACTIVE,VERIFIED_CONDITIONAL,APPROVAL,PRE_CONSTRUCTION,Before construction/extension of factory building,Site/building permission,-,-,Extension/alteration of factory -> fresh plan approval,-
APR-016,Factory registration & licence (MAH/Hazardous vs other),LICENCE,PRE_OPERATION,THRESHOLD_DEPENDENT,AUT-005,Same as APR-015: OSH Code in force; licence service is a PORTAL LEGACY SERVICE under saved Factories Act/MFR 1963 (inference from s.143); Maharashtra OSH (Factories and Other Ports) Rules 2026 are DRAFT (06-05-2026),REG-LAB,STATEWIDE,Factory threshold met,R-022;R-023,SRC-029;SRC-031,MEDIUM,REQUIRES_OFFICIAL_CONFIRMATION,DISH offers 10-year validity and deemed renewal (SRC-070),ACTIVE,VERIFIED_CONDITIONAL,LICENCE,PRE_OPERATION,Before operating a factory,Plan approval,As per saved MFR / State rules,Licence renewal (DISH portal),Amendment of licence,Not stated
APR-017,Registration of establishment under OSH Code s.3,REGISTRATION,PRE_OPERATION,THRESHOLD_DEPENDENT,AUT-006/AUT-005,OSH Code 2020 s.3; GoM circular 30-04-2026,REG-LAB,STATEWIDE,Establishment with >=10 employees - applies once Maharashtra rules finalised,R-024,SRC-027;SRC-024,MEDIUM,DO_NOT_IMPLEMENT_YET,Maharashtra OSH rules are DRAFT (06-05-2026),ACTIVE,DO_NOT_IMPLEMENT_YET,REGISTRATION,PRE_OPERATION,UNKNOWN,UNKNOWN,UNKNOWN,UNKNOWN,UNKNOWN,UNKNOWN
APR-018,Shops & Establishments intimation (<10 workers),REGISTRATION,PRE_OPERATION,THRESHOLD_DEPENDENT,AUT-006,Maharashtra S&E (RE&CS) Act 2017 s.7 per GoM circular,REG-LAB,STATEWIDE,Establishment with <10 workers,R-025,SRC-027,LOW,REQUIRES_OFFICIAL_CONFIRMATION,Relevance to a factory establishment not verified,ACTIVE,REQUIRES_OFFICIAL_CONFIRMATION,REGISTRATION,PRE_OPERATION,UNKNOWN,UNKNOWN,UNKNOWN,UNKNOWN,UNKNOWN,UNKNOWN
APR-019,Contract labour - principal employer registration,REGISTRATION,PRE_OPERATION,THRESHOLD_DEPENDENT,AUT-006,CLRA 1970 (saved) / OSH Code 2020 contract labour chapter,REG-LAB,STATEWIDE,Contract labour >= 50 under OSH Code,R-026,SRC-026;SRC-031,MEDIUM,REQUIRES_OFFICIAL_CONFIRMATION,Legacy RTS service still listed,ACTIVE,VERIFIED_CONDITIONAL,REGISTRATION,PRE_OPERATION,UNKNOWN,UNKNOWN,UNKNOWN,UNKNOWN,UNKNOWN,UNKNOWN
APR-020,Contractor licence,LICENCE,PRE_OPERATION,THRESHOLD_DEPENDENT,AUT-006,CLRA 1970 (saved) / OSH Code,REG-LAB,STATEWIDE,Contractor engaging >=50 (contractor's obligation),R-027,SRC-026;SRC-031,MEDIUM,REQUIRES_OFFICIAL_CONFIRMATION,,ACTIVE,VERIFIED_CONDITIONAL,LICENCE,PRE_OPERATION,UNKNOWN,UNKNOWN,UNKNOWN,UNKNOWN,UNKNOWN,UNKNOWN
APR-021,BOCW establishment registration (construction phase),REGISTRATION,PRE_ESTABLISHMENT,THRESHOLD_DEPENDENT,AUT-006,BOCW Act 1996 (saved) / OSH Code,REG-LAB,STATEWIDE,Threshold not verified in this pack,-,SRC-031,LOW,REQUIRES_OFFICIAL_CONFIRMATION,"OSH Code s.2(1)(h): 'building or other construction work' excludes construction work related to a factory or mine and own-residence work <= Rs 50 lakh. Whether construction of a new chemical factory building falls in the exclusion is NOT resolved by the text read -> REQUIRES_OFFICIAL_CONFIRMATION. MH service still under BOCW Act 1996 (PORTAL_LEGACY, 7 d).",ACTIVE,REQUIRES_OFFICIAL_CONFIRMATION,REGISTRATION,CONSTRUCTION,UNKNOWN,UNKNOWN,UNKNOWN,UNKNOWN,UNKNOWN,UNKNOWN
APR-022,Inter-State Migrant Workmen registration/licence,REGISTRATION,PRE_OPERATION,THRESHOLD_DEPENDENT,AUT-006,ISMW Act 1979 (saved) / OSH Code,REG-LAB,STATEWIDE,Threshold not verified in this pack,-,SRC-031,LOW,REQUIRES_OFFICIAL_CONFIRMATION,,ACTIVE,VERIFIED_CONDITIONAL,REGISTRATION,PRE_OPERATION,UNKNOWN,UNKNOWN,UNKNOWN,UNKNOWN,UNKNOWN,UNKNOWN
APR-023,Boiler registration,REGISTRATION,PRE_OPERATION,ACTIVITY_DEPENDENT,AUT-007,"Boilers Act 2025 s.2(c), s.9, s.11, s.12 (registration), s.13-16 (certificate cessation/renewal/provisional order/revocation), s.45 (repeal & savings); Maharashtra Boiler Rules 1962 continue under s.45(2)(a) until replaced",REG-BLR,STATEWIDE,"Boilers Act 2025 s.2(c): a pressure vessel generating steam for use external to itself is a 'boiler' unless (i) capacity < 25 L (feed check valve to main steam stop valve), or (ii) design gauge pressure AND working gauge pressure < 1 kg/cm2, or (iii) water heated below 100 C; s.1(4) exclusions (railway locomotives, vessels, armed forces, hospital sterilisers <=100 L)",R-028,SRC-032;SRC-034;SRC-085;SRC-087;SRC-088,MEDIUM,REQUIRES_OFFICIAL_CONFIRMATION,"Registration: application to Inspector; exam date within 30 d (or shorter State period), >=10 d notice; report to Chief Inspector within 7 d; certificate <=12 months (<=24 for integral economiser/unfired boiler heated by oil/asphalt/bitumen); provisional order <=6 months. Existing 1923-Act registrations deemed registered; certificates continue until date shown (s.45(2)(f),(g)). Maharashtra services still cite the 1923 Act (PORTAL_LEGACY) - see boiler_lifecycle.csv",ACTIVE,VERIFIED_CONDITIONAL,REGISTRATION,PRE_OPERATION,Before use of boiler,Erection inspection (s.9),Certificate <=12 months,"Before expiry (s.13, s.15)",Move/alteration/accident ends certificate (s.13(1)),Not stated
APR-026,Petroleum storage licence (Form XII/XIII District Authority; Form XV/XVI PESO) + Rule 144 NOC,LICENCE,PRE_OPERATION,THRESHOLD_DEPENDENT,AUT-008 / AUT-009,Petroleum Act 1934; Petroleum Rules 2002,REG-PESO,CENTRAL,"Depends on class (A<23C, B 23-65C, C 65-93C flash point), quantity, bulk vs non-bulk, receptacle size, purpose",R-029;R-030;R-031;R-032,SRC-017,HIGH,SAFE,,ACTIVE,VERIFIED_CONDITIONAL,LICENCE,PRE_OPERATION,Storage above exemption,Plan approval (r.131) for XIV-XVI; DA NOC (r.144),As per licence,CMP-015,Amendment of licence,Not stated
APR-027,Gas cylinder storage licence (Form F),LICENCE,PRE_OPERATION,THRESHOLD_DEPENDENT,AUT-008,Gas Cylinders Rules 2016,REG-PESO,CENTRAL,Storage exceeding rule 44 exemptions (LPG up to 100 kg own use exempt; other gases UNKNOWN),R-033,SRC-018;SRC-019,MEDIUM,REQUIRES_OFFICIAL_CONFIRMATION,Validity up to 10 yrs to 30 Sept,ACTIVE,DO_NOT_IMPLEMENT_YET,LICENCE,PRE_OPERATION,UNKNOWN,UNKNOWN,UNKNOWN,UNKNOWN,UNKNOWN,UNKNOWN
APR-028,SMPV(U) licence (LS-1A) and prior approval,LICENCE,PRE_ESTABLISHMENT;PRE_OPERATION,ACTIVITY_DEPENDENT;THRESHOLD_DEPENDENT,AUT-008,SMPV(U) Rules 2016,REG-PESO,CENTRAL,"Storage of compressed gas in pressure vessel >1,000 L water capacity (excl. reactors, heat exchangers, air receivers etc.)",R-034,SRC-020,HIGH,SAFE,,ACTIVE,VERIFIED_CONDITIONAL,LICENCE,PRE_CONSTRUCTION;PRE_OPERATION,UNKNOWN,UNKNOWN,UNKNOWN,UNKNOWN,UNKNOWN,UNKNOWN
APR-029,MIDC plot allotment,APPROVAL,PRE_ESTABLISHMENT,LOCATION_DEPENDENT,AUT-010,MID Act 1961; MILAAP 2025,REG-MIDC,MIDC,Site in MIDC estate,R-035,SRC-043;SRC-073,MEDIUM,SAFE,,ACTIVE,VERIFIED_CONDITIONAL,APPROVAL,PRE_CONSTRUCTION,UNKNOWN,UNKNOWN,UNKNOWN,UNKNOWN,UNKNOWN,UNKNOWN
APR-030,MIDC combined building permission + provisional fire NOC,APPROVAL,PRE_ESTABLISHMENT,LOCATION_DEPENDENT,AUT-010,MIDC DCR; MFPLSM Act 2006,REG-MIDC,MIDC,Construction in MIDC; requires MPCB CTE (Red mandatory; Orange/Green acknowledgement),R-036,SRC-043;SRC-044;SRC-045,HIGH,SAFE,SLA conflict CON-001,ACTIVE,VERIFIED_CONDITIONAL,APPROVAL,PRE_CONSTRUCTION,UNKNOWN,UNKNOWN,UNKNOWN,UNKNOWN,UNKNOWN,UNKNOWN
APR-031,MIDC plinth / commencement e-intimation,REGISTRATION,PRE_ESTABLISHMENT,LOCATION_DEPENDENT,AUT-010,MIDC DCR,REG-MIDC,MIDC,Construction in MIDC,R-036,SRC-043,MEDIUM,SAFE,,ACTIVE,VERIFIED_CONDITIONAL,REPORT,CONSTRUCTION,UNKNOWN,UNKNOWN,UNKNOWN,UNKNOWN,UNKNOWN,UNKNOWN
APR-032,MIDC occupancy certificate,APPROVAL,PRE_OPERATION,LOCATION_DEPENDENT,AUT-010,MIDC DCR,REG-MIDC,MIDC,"Requires final fire NOC, MPCB CTO, factory registration if applicable",R-037,SRC-044;SRC-046,HIGH,SAFE,SLA conflict CON-001,ACTIVE,VERIFIED_CONDITIONAL,APPROVAL,PRE_OPERATION,UNKNOWN,UNKNOWN,UNKNOWN,UNKNOWN,UNKNOWN,UNKNOWN
APR-033,MIDC final fire NOC,NOC,PRE_OPERATION,LOCATION_DEPENDENT,AUT-010,MFPLSM Act 2006,REG-FIRE,MIDC,Construction in MIDC,R-036,SRC-043;SRC-047,HIGH,SAFE,,ACTIVE,VERIFIED_CONDITIONAL,NOC,PRE_OPERATION,UNKNOWN,UNKNOWN,UNKNOWN,UNKNOWN,UNKNOWN,UNKNOWN
APR-034,MIDC water connection,APPROVAL,PRE_OPERATION,LOCATION_DEPENDENT,AUT-010,MIDC regulations,REG-MIDC,MIDC,Water from MIDC supply,R-038,SRC-043,MEDIUM,SAFE,,ACTIVE,VERIFIED_CONDITIONAL,APPROVAL,PRE_OPERATION,UNKNOWN,UNKNOWN,UNKNOWN,UNKNOWN,UNKNOWN,UNKNOWN
APR-035,MIDC drainage connection,APPROVAL,PRE_OPERATION,LOCATION_DEPENDENT,AUT-010,MIDC regulations,REG-MIDC,MIDC,Discharge to MIDC drainage/CETP network,R-038,SRC-043,MEDIUM,SAFE,CETP availability per estate UNKNOWN,ACTIVE,VERIFIED_CONDITIONAL,APPROVAL,PRE_OPERATION,UNKNOWN,UNKNOWN,UNKNOWN,UNKNOWN,UNKNOWN,UNKNOWN
APR-036,MIDC tree felling permission,APPROVAL,PRE_ESTABLISHMENT,LOCATION_DEPENDENT;ACTIVITY_DEPENDENT,AUT-010,MIDC service,REG-MIDC,MIDC,Trees to be felled on MIDC plot,R-039,SRC-043,MEDIUM,SAFE,SLA conflict 45 vs 60 days,ACTIVE,VERIFIED_CONDITIONAL,APPROVAL,PRE_CONSTRUCTION,UNKNOWN,UNKNOWN,UNKNOWN,UNKNOWN,UNKNOWN,UNKNOWN
APR-037,MIDC change in manufacturing activity,APPROVAL,OPERATION,LOCATION_DEPENDENT;ACTIVITY_DEPENDENT,AUT-010,MIDC lease/service,REG-MIDC,MIDC,Change of product/activity on MIDC plot,R-040,SRC-043,MEDIUM,SAFE,,ACTIVE,VERIFIED_CONDITIONAL,APPROVAL,MODIFICATION,UNKNOWN,UNKNOWN,UNKNOWN,UNKNOWN,UNKNOWN,UNKNOWN
APR-038,Building/development permission (non-MIDC planning authority),APPROVAL,PRE_ESTABLISHMENT,LOCATION_DEPENDENT,AUT-011,MRTP Act 1966 + applicable DCR (not researched),REG-BLD,NON_MIDC,Site outside MIDC; required before MPCB CTE outside notified industrial areas,R-041,SRC-067,HIGH (MPCB dependency) / LOW (authority identity),REQUIRES_OFFICIAL_CONFIRMATION,Authority identity is site-specific,ACTIVE,VERIFIED_CONDITIONAL,APPROVAL,PRE_CONSTRUCTION,Any development (s.44),Title/DP-RP conformity,Per DCR,Per DCR,Revised permission (UDCPR 1.4),-
APR-039,Provisional fire NOC (non-MIDC),NOC,PRE_ESTABLISHMENT,LOCATION_DEPENDENT,AUT-012,MFPLSM Act 2006 (am. 2023),REG-FIRE,NON_MIDC,Building requiring fire NOC,R-042,SRC-048,MEDIUM,REQUIRES_OFFICIAL_CONFIRMATION,Applicable fire authority per site UNKNOWN,ACTIVE,VERIFIED_CONDITIONAL,NOC,PRE_CONSTRUCTION,Before construction of Schedule-I building,Building plans,Provisional,-,-,-
APR-040,Final fire NOC (non-MIDC),NOC,PRE_OPERATION,LOCATION_DEPENDENT,AUT-012,MFPLSM Act 2006,REG-FIRE,NON_MIDC,Before occupancy,R-042;R-099,SRC-048,MEDIUM,REQUIRES_OFFICIAL_CONFIRMATION,Low-hazard self-certification path (FR-05) not available to chemical manufacturing (not in Annexure-A of Office Order 10-12-2025),ACTIVE,VERIFIED_CONDITIONAL,NOC,PRE_OPERATION,Before occupation,"Installations completed, Form A",Final; renewal CON-013,NONE under Fire Act (FR-01); CONDITIONAL only if another Act/Rule specifically requires renewal (R-099); Form B Jan/Jul is an OPERATING_DUTY (FR-04),Change of occupancy,-
APR-041,Occupancy certificate (non-MIDC),APPROVAL,PRE_OPERATION,LOCATION_DEPENDENT,AUT-011,MRTP/DCR (not researched),REG-BLD,NON_MIDC,After construction,R-041,-,LOW,REQUIRES_OFFICIAL_CONFIRMATION,No official source captured for sequencing,ACTIVE,REQUIRES_OFFICIAL_CONFIRMATION,APPROVAL,PRE_OPERATION,UNKNOWN,UNKNOWN,UNKNOWN,UNKNOWN,UNKNOWN,UNKNOWN
APR-042,"Tree felling permission (urban, non-MIDC)",APPROVAL,PRE_ESTABLISHMENT,LOCATION_DEPENDENT;ACTIVITY_DEPENDENT,AUT-022,Maharashtra (Urban Areas) Protection and Preservation of Trees Act 1975: no felling in urban area without previous permission of the Tree Authority,REG-OTH,NON_MIDC,Urban area + tree felling,R-039,SRC-103;SRC-070,LOW,REQUIRES_OFFICIAL_CONFIRMATION,Rural felling law not researched,ACTIVE,VERIFIED_CONDITIONAL,APPROVAL,PRE_CONSTRUCTION,UNKNOWN,UNKNOWN,UNKNOWN,UNKNOWN,UNKNOWN,UNKNOWN
APR-043,CGWA NOC - groundwater abstraction,NOC,PRE_ESTABLISHMENT,ACTIVITY_DEPENDENT;LOCATION_DEPENDENT,AUT-013,EP Act s.3(3); CGWA Guidelines 2020/2023,REG-GW,CENTRAL,Any groundwater abstraction by industry unless exempt (MSE <10 m3/day; drinking/domestic only <=5 m3/day),R-043;R-044;R-045,SRC-052;SRC-050,HIGH,SAFE,OE units: no NOC to new non-MSME industry,ACTIVE,VERIFIED_CONDITIONAL,NOC,PRE_CONSTRUCTION,Groundwater abstraction,-,As per NOC,NOC renewal per guidelines (not extracted),Increase in abstraction,-
APR-044,CGWA NOC - dewatering during construction,NOC,PRE_ESTABLISHMENT,ACTIVITY_DEPENDENT,AUT-013,CGWA Guidelines 2020,REG-GW,CENTRAL,Construction requiring dewatering; before commencement,R-046,SRC-052,HIGH,SAFE,,ACTIVE,VERIFIED_CONDITIONAL,NOC,CONSTRUCTION,UNKNOWN,UNKNOWN,UNKNOWN,UNKNOWN,UNKNOWN,UNKNOWN
APR-045,New electricity connection,APPROVAL,PRE_OPERATION,LOCATION_DEPENDENT,AUT-015,Electricity Act 2003; MERC SoP regs (not researched),REG-ELE,LOCATION_DEPENDENT,Licensee depends on area,R-047,SRC-055;SRC-056;SRC-070,MEDIUM,SAFE (licensee as input fact),,ACTIVE,VERIFIED_CONDITIONAL,APPROVAL,PRE_OPERATION,UNKNOWN,UNKNOWN,UNKNOWN,UNKNOWN,UNKNOWN,UNKNOWN
APR-046,Electrical installation approval / energisation,APPROVAL,PRE_OPERATION,THRESHOLD_DEPENDENT,AUT-016,Electricity Act 2003 s.53-54; CEA Safety Regs 2023,REG-ELE,STATEWIDE,"Installation above state-notified voltage (value UNKNOWN); CEI RTS: >650V-33kV Electrical Inspector, 33-220kV SE, >220kV CEI",R-048,SRC-041;SRC-042,MEDIUM,REQUIRES_OFFICIAL_CONFIRMATION,RTS notification cites superseded CEA 2010 regs,ACTIVE,REQUIRES_OFFICIAL_CONFIRMATION,INSPECTION,PRE_OPERATION,UNKNOWN,UNKNOWN,UNKNOWN,UNKNOWN,UNKNOWN,UNKNOWN
APR-047,Lift erection permission and lift licence,LICENCE,PRE_OPERATION,ACTIVITY_DEPENDENT,AUT-016,"Bombay Lifts Act 1939 services per CEI RTS notification 2018 (T2). Maharashtra Lifts, Escalators and Moving Walks Act 2017 (Mah. XV of 2018): 'has not come into force till 1st January 2019' (Govt Printing text) and no later commencement notification found; L.A. Bill VII of 2026 would amend it. Under the 2017 Act s.2(l), hoists/lifts covered under the Factories Act are excluded.",REG-LIFT,STATEWIDE,Lift installed,R-049,SRC-041;SRC-083;SRC-084,MEDIUM,REQUIRES_OFFICIAL_CONFIRMATION,Lift registration on MAITRI (SRC-070),ACTIVE,REQUIRES_OFFICIAL_CONFIRMATION,LICENCE,PRE_OPERATION,UNKNOWN,UNKNOWN,UNKNOWN,UNKNOWN,UNKNOWN,UNKNOWN
APR-048,Legal Metrology packer registration,REGISTRATION,OPERATION,ACTIVITY_DEPENDENT,AUT-019,Legal Metrology Act 2009; LM (Packaged Commodities) Rules 2011: r.3 excludes packages >25 kg/25 L and packages for industrial/institutional consumers marked 'not for retail sale'; packer/importer registration rule not re-extracted,REG-OTH,STATEWIDE,Packing pre-packaged commodities,R-050,SRC-095;SRC-062,LOW,REQUIRES_OFFICIAL_CONFIRMATION,,ACTIVE,VERIFIED_CONDITIONAL,REGISTRATION,OPERATION,UNKNOWN,UNKNOWN,UNKNOWN,UNKNOWN,UNKNOWN,UNKNOWN
APR-049,AAI height clearance NOC,NOC,PRE_ESTABLISHMENT,LOCATION_DEPENDENT,AUT-020,"MoCA (Height Restrictions for Safeguarding of Aircraft Operations) Rules 2015, G.S.R.751(E) 30-09-2015; NOCAS",REG-OTH,CENTRAL,Structure/stack within aerodrome zones,R-051,SRC-104;SRC-063,LOW,REQUIRES_OFFICIAL_CONFIRMATION,,ACTIVE,VERIFIED_CONDITIONAL,NOC,PRE_CONSTRUCTION,UNKNOWN,UNKNOWN,UNKNOWN,UNKNOWN,UNKNOWN,UNKNOWN
APR-050,CETP membership / discharge arrangement,NOC,PRE_OPERATION,LOCATION_DEPENDENT,AUT-003 / CETP operator,Consent conditions,REG-CONSENT,LOCATION_DEPENDENT,Only if a CETP exists and accepts the effluent,R-052,-,LOW,REQUIRES_OFFICIAL_CONFIRMATION,Do not assume CETP availability,ACTIVE,UNKNOWN,NOC,PRE_OPERATION,UNKNOWN,UNKNOWN,UNKNOWN,UNKNOWN,UNKNOWN,UNKNOWN
APR-051,Permission to draw water from river/public tanks,APPROVAL,PRE_OPERATION,LOCATION_DEPENDENT,AUT-021,Not researched,REG-OTH,NON_MIDC,Surface water drawal,R-053,SRC-070,LOW,REQUIRES_OFFICIAL_CONFIRMATION,,ACTIVE,REQUIRES_OFFICIAL_CONFIRMATION,APPROVAL,PRE_OPERATION,UNKNOWN,UNKNOWN,UNKNOWN,UNKNOWN,UNKNOWN,UNKNOWN
APR-052,EC for expansion / no-increase-in-pollution-load exemption,APPROVAL,OPERATION,ACTIVITY_DEPENDENT,AUT-001/AUT-002,EIA 2006 para 7(ii)(b),REG-EIA,CENTRAL,Expansion/product-mix change of EC-holding project,R-054,SRC-001,HIGH,REQUIRES_OFFICIAL_CONFIRMATION,,ACTIVE,VERIFIED_CONDITIONAL,APPROVAL,EXPANSION,UNKNOWN,UNKNOWN,UNKNOWN,UNKNOWN,UNKNOWN,UNKNOWN
APR-053,MPCB consent amendment vs fresh consent,APPROVAL,OPERATION,ACTIVITY_DEPENDENT,AUT-003,MPCB circular 25-08-2025,REG-CONSENT,STATEWIDE,"Clerical/name/HW disposal path -> amendment; fuel, DG, HW quantity, process change -> fresh consent",R-055,SRC-068,HIGH,SAFE,,ACTIVE,VERIFIED_CONDITIONAL,CONSENT,MODIFICATION,UNKNOWN,UNKNOWN,UNKNOWN,UNKNOWN,UNKNOWN,UNKNOWN
APR-054,HW utilisation authorisation (rule 9),APPROVAL,PRE_OPERATION,ACTIVITY_DEPENDENT,AUT-003 (CPCB approval if no SOP),HOWM Rules 2016 r.9,REG-HW,STATEWIDE,Using HW as resource incl. in-premises if not part of process,R-056,SRC-013,HIGH,SAFE,,ACTIVE,VERIFIED_CONDITIONAL,APPROVAL,PRE_OPERATION,UNKNOWN,UNKNOWN,UNKNOWN,UNKNOWN,UNKNOWN,UNKNOWN
FAC-001,"MAITRI single-window submission (CAF) - FACILITATION, not an approval",FACILITATION,ALL,OPERATIONAL_COMPLIANCE,AUT-017,MAITRI Act 2023,REG-MAITRI,STATEWIDE,Optional channel for integrated services; decision remains with department,-,SRC-060;SRC-059;SRC-070,MEDIUM,SAFE,Handoff/submission via MAITRI is not grant of approval,ACTIVE,VERIFIED,FACILITATION,ALL,UNKNOWN,UNKNOWN,UNKNOWN,UNKNOWN,UNKNOWN,UNKNOWN
APR-055,Insecticide manufacturing licence,LICENCE,PRE_OPERATION,ACTIVITY_DEPENDENT,Licensing officer (State; identity in MH UNKNOWN),Insecticides Act 1968 s.13,REG-INS,STATE,Manufactures any insecticide (technical or formulation),R-067,SRC-100,MEDIUM,REQUIRES_OFFICIAL_CONFIRMATION,EIA 5(b) separately applies to technical-grade production,ACTIVE,REQUIRES_OFFICIAL_CONFIRMATION,LICENCE,PRE_OPERATION,UNKNOWN,UNKNOWN,UNKNOWN,UNKNOWN,UNKNOWN,UNKNOWN
APR-056,Drug (bulk drug/API) manufacturing licence,LICENCE,PRE_OPERATION,ACTIVITY_DEPENDENT,Maharashtra FDA (Licensing Authority),Drugs & Cosmetics Act 1940; Drugs Rules 1945 Part VII,REG-DRG,STATE,Manufacture of drugs for sale incl. bulk drugs,R-068,SRC-101;SRC-070,MEDIUM,REQUIRES_OFFICIAL_CONFIRMATION,Form numbering not re-extracted,ACTIVE,REQUIRES_OFFICIAL_CONFIRMATION,LICENCE,PRE_OPERATION,UNKNOWN,UNKNOWN,UNKNOWN,UNKNOWN,UNKNOWN,UNKNOWN
APR-057,NCB registration - controlled substances (Schedule A),REGISTRATION,PRE_OPERATION,ACTIVITY_DEPENDENT,Narcotics Control Bureau,NDPS Act 1985; NDPS (Regulation of Controlled Substances) Order 2013,REG-NDPS,CENTRAL,Manufacture/possession/sale/consumption of a Schedule A substance,R-066,SRC-099;SRC-108,HIGH,SAFE,Substance list per SRC-099; later amendments not checked,ACTIVE,VERIFIED_CONDITIONAL,REGISTRATION,PRE_OPERATION,UNKNOWN,UNKNOWN,UNKNOWN,UNKNOWN,UNKNOWN,UNKNOWN
APR-058,CWC declarations (initial/annual) to NACWC,COMPLIANCE_APPROVAL,OPERATION,THRESHOLD_DEPENDENT,National Authority CWC (Cabinet Secretariat),Chemical Weapons Convention Act 2000; NACWC declaration guidance,REG-CWC,CENTRAL,Plant site produced by synthesis >200 t/yr unscheduled DOC or >30 t/yr PSF chemical; or Schedule 2/3 activity above thresholds,R-065,SRC-098,HIGH,SAFE,CWC Act section numbers not extracted,ACTIVE,VERIFIED_CONDITIONAL,RETURN,OPERATION,Activity above CWC thresholds,-,Annual,ADAA/ADPA each year,-,-
APR-059,Explosives licence (manufacture/possession),LICENCE,PRE_OPERATION,ACTIVITY_DEPENDENT,AUT-008,Explosives Act 1884; Explosives Rules 2008,REG-EXP,CENTRAL,Product/intermediate/raw material is an 'explosive',R-069,SRC-107,MEDIUM,REQUIRES_OFFICIAL_CONFIRMATION,Classification of a substance as explosive is an expert/PESO input,ACTIVE,REQUIRES_OFFICIAL_CONFIRMATION,LICENCE,PRE_OPERATION,UNKNOWN,UNKNOWN,UNKNOWN,UNKNOWN,UNKNOWN,UNKNOWN
APR-060,OSH Code establishment registration - statutory duty (s.3),REGISTRATION,PRE_OPERATION,THRESHOLD_DEPENDENT,Registering officer (appropriate Government),OSH Code 2020 s.3 (in force 21-11-2025),REG-LAB,STATE,New establishment to which the Code applies: apply electronically within 60 days,R-024,SRC-080;SRC-081;SRC-027,HIGH (duty) / UNKNOWN (MH procedure),DO_NOT_IMPLEMENT_YET,Split from APR-017: statutory duty is CURRENT OPERATIVE LAW; MH procedure depends on DRAFT rules,ACTIVE,VERIFIED_CONDITIONAL,REGISTRATION,PRE_OPERATION,Code applies (>=10 workers or hazardous activity),-,Deemed/issued registration,-,Change within 30 d (CMP-029),Closure intimation within 30 d
