field,value,legal_classification,status,source_ids,locator
BOILER_DEFINITION,Pressure vessel >=25 L used for generating steam for external use (with s.2(c) exclusions incl. <1 kg/cm2 design & working pressure; water <100 C) - see R-028,CURRENT_OPERATIVE,VERIFIED,SRC-034,s.2(c)
BOILER_EXCLUSIONS,Railway locomotives; ships/vessels; armed forces boilers; hospital sterilizers <=100 L,CURRENT_OPERATIVE,VERIFIED,SRC-034,s.1(3)-(4)
BOILER_ERECTION_INSPECTION,Owner intending registration engages an inspecting authority at erection stage; certificate of inspection or reasoned refusal,CURRENT_OPERATIVE,VERIFIED,SRC-034,s.9
BOILER_REGISTRATION,"Application to Inspector (form per regulations; fee prescribed by State); exam date within 30 d (or shorter State period) with >=10 d notice; Inspector report + documents to Chief Inspector within 7 d; CI registers, allots number to be marked",CURRENT_OPERATIVE,VERIFIED,SRC-034,"s.11, s.12(1)-(5)"
BOILER_CERTIFICATE,"CI orders certificate for <=12 months at max pressure fixed (<=24 months for economiser/unfired boiler in oil/asphalt/bitumen-heated processing plant); provisional order by Inspector pending CI order, <=6 months",CURRENT_OPERATIVE,VERIFIED,SRC-034,"s.12(6), s.14"
BOILER_INSPECTION,Periodical: on renewal application competent person inspects within 15 d; defects intimated within 48 h to owner and CI; owner must prepare boiler and give facilities (s.19),CURRENT_OPERATIVE,VERIFIED,SRC-034,"s.13(4)-(5), s.19"
BOILER_RENEWAL,Certificate ceases on expiry / accident / move / structural alteration / CI direction / prohibition order; owner applies to competent person; CI renews or refuses with reasons; may apply any time during currency; use pending decision only if applied before expiry,CURRENT_OPERATIVE,VERIFIED,SRC-034,"s.13(1)-(7), s.15"
BOILER_RENEWED_CERT_PERIOD,'such period as may be specified by regulations' - regulation value not captured,CURRENT_OPERATIVE (value in regulations),UNKNOWN,SRC-034,s.13(5)(a)
BOILER_ALTERATION,Structural alteration/addition/renewal needs CI written authorisation unless done under competent-person supervision; by boiler repairer certificate holder,CURRENT_OPERATIVE,VERIFIED,SRC-034,"s.17, s.18(2)"
BOILER_TRANSFER,Certificate/provisional order made over to new owner (s.21); transfer within State reported as prescribed by State,CURRENT_OPERATIVE,VERIFIED_CONDITIONAL,SRC-034,"s.12(9), s.21"
EXISTING_BOILER_TRANSITION,Boilers registered under 1923 Act deemed registered; certificates in force continue until date shown unless cancelled; pending inspections continue; offices/officers continue,TRANSITIONAL_SAVED,VERIFIED,SRC-034,"s.11(1) proviso; s.45(2)(b),(f),(g),(i)"
SURVIVING_STATE_RULES,Maharashtra Boiler Rules 1962 / Economiser Rules 1965 continue 'as if' made under 2025 Act until new rules/regulations issued (s.45(2)(a)); extent of inconsistency with 2025 regulations not assessed,TRANSITIONAL_SAVED,REQUIRES_OFFICIAL_CONFIRMATION,SRC-034;SRC-140;SRC-036,s.45(2)(a)
STATE_RULE_MAKING,"State rules may cover: fee (s.12(2)), exam period (s.12(3)), transfer reporting, accident inquiry, appeals, penalties; no Maharashtra rules under the 2025 Act found",CURRENT_OPERATIVE (power),UNKNOWN,SRC-034,s.42
MAHARASHTRA_COMPETENT_AUTHORITY,"Directorate of Steam Boilers, Maharashtra (Chief Inspector; regional competent inspecting officers) - office continues under s.45(2)(b)",TRANSITIONAL_SAVED,VERIFIED_CONDITIONAL,SRC-036;SRC-136;SRC-034,s.45(2)(b); DSB page
MAHARASHTRA_WORKFLOW,"Online services on mahaboiler.in / Labour Dept services list (29 services, e.g. registration of boilers & economisers). Portal basis cites 1923-era framework = PORTAL_LEGACY. Not assumed to implement the 2025 Act workflow (no evidence).",PORTAL_LEGACY,REQUIRES_OFFICIAL_CONFIRMATION,SRC-078;SRC-087;SRC-136,Steam Boilers rows
CURRENT_SLA,Statutory: exam date <=30 d; notice >=10 d; report <=7 d; renewal inspection <=15 d. Portal: registration 30 d. No RTS notification text for boiler services under 2025 Act found.,STATUTE + PORTAL,VERIFIED_CONDITIONAL,SRC-034;SRC-136,s.12(3)-(4); s.13(4)
BOE_REQUIREMENT,Boiler Operation Engineer where total heating surface > 1000 m2 (R-073),CURRENT_OPERATIVE,VERIFIED_CONDITIONAL,SRC-085,BOE Rules 2025
