unknown_id,v2_question,v2_final_status,v3_closure,v3_resolution,residual_open_item,records,source_ids,v4_closure,v5_closure
UNK-001,"Is MPCB implementing CTO 'valid until cancelled' + one-time fee (GSR 62/63 2026), or the 13-08-2025 auto-renewal scheme (Red 5/Orange 10/Green 15 yrs)?",REQUIRES_OFFICIAL_CONFIRMATION,STILL_OPEN,No new evidence in Stage 3,MPCB fee schedule / treatment of existing CTOs,APR-009;CMP-007,SRC-006;SRC-069,PARTIALLY_CLOSED,PARTIALLY_CLOSED
UNK-002,How is MPCB category determined when a unit has multiple CPCB sector codes?,REQUIRES_OFFICIAL_CONFIRMATION,STILL_OPEN,Engine returns UNKNOWN (R-015),MPCB aggregation rule for multiple sector codes,R-015,SRC-010,STILL_OPEN,STILL_OPEN
UNK-003,Deemed CTE for micro/small in notified estates - operative in Maharashtra? Applies to Red?,REQUIRES_OFFICIAL_CONFIRMATION,STILL_OPEN,Central text verified in v2,MPCB workflow for deemed CTE,R-016,SRC-006,PARTIALLY_CLOSED,PARTIALLY_CLOSED
UNK-004,Is a given MIDC estate a 'notified industrial area/estate' for EIA 5(f) and does it hold estate EC?,REQUIRES_OFFICIAL_CONFIRMATION,STILL_OPEN,Modelled as site fact; EIA 5(f) col (4)(i) and Specific Condition text re-verified,Per-estate notified status and estate EC,R-003;R-005,SRC-001,STILL_OPEN,STILL_OPEN
UNK-005,Maharashtra-notified voltage for self-certification under CEA Safety Regs 2023,REQUIRES_OFFICIAL_CONFIRMATION,STILL_OPEN,No new evidence,MH self-certification voltage notification,R-048,SRC-096,STILL_OPEN,STILL_OPEN
UNK-006,Has the Maharashtra Lifts Act 2017 (and 2026 amendment) commenced?,DO_NOT_IMPLEMENT_YET,STILL_OPEN,No new evidence,Commencement of MH Lifts Act 2017,APR-047,SRC-083,STILL_OPEN,STILL_OPEN
UNK-007,Maharashtra implementation of Boilers Act 2025 (state portal/services still cite 1923 Act),REQUIRES_OFFICIAL_CONFIRMATION,CLOSED,Boilers Act 2025 registration/certificate/renewal/savings extracted; MH services classified PORTAL_LEGACY; State rules 1962 saved under s.45(2)(a) (boiler_lifecycle.csv),"Whether DSB workflow implements 2025-Act steps (REQUIRES_OFFICIAL_CONFIRMATION, tracked in boiler_lifecycle MAHARASHTRA_WORKFLOW)",APR-023;R-086;R-087;R-088,SRC-034;SRC-136,CLOSED,CLOSED
UNK-008,Final Maharashtra OSH rules; which DISH services continue under saved Factories Act rules,REQUIRES_OFFICIAL_CONFIRMATION,STILL_OPEN,labour_matrix built; saved-rules basis (s.143) documented,MH OSH rules still DRAFT; procedural forms for State sphere,labour_matrix,SRC-025;SRC-081,STILL_OPEN,STILL_OPEN
UNK-009,"Service-level MAITRI integration for MIDC BP/OC, boilers (user), PESO, CGWA, EC",UNKNOWN,STILL_OPEN,maitri_fields built with UNKNOWN; no inference from empty page,Service-level integration evidence,maitri_fields,SRC-142;SRC-070,STILL_OPEN,STILL_OPEN
UNK-010,Does a project needing 5(f) EC also need separate 8(a) EC for its buildings?,UNKNOWN,STILL_OPEN,OM 04-10-2022 dominant-purpose principle recorded as supporting evidence; consolidated EIA has no multi-item note,Authoritative ruling on 5(f)+8(a); R-074 hard-block retained,R-074;APR-003,SRC-115;SRC-001,STILL_OPEN,STILL_OPEN
UNK-011,"CETP availability, capacity and acceptance per estate",REQUIRES_OFFICIAL_CONFIRMATION,STILL_OPEN,Site/CETP-specific fact; never assumed,CETP availability per estate,APR-050,-,STILL_OPEN,STILL_OPEN
UNK-012,Status of Maharashtra Groundwater Rules 2018 and GSDA role vs CGWA for industrial NOC,REQUIRES_OFFICIAL_CONFIRMATION,STILL_OPEN,"Act commencement closed (01-06-2014, CON-015); groundwater_matrix separates use types; CGWA regulates MH industrial NOC (CON-019)",GW Rules 2018 still DRAFT; notified areas; MWRRA industrial procedure,R-071;R-077;R-097,SRC-131;SRC-052,STILL_OPEN,PARTIALLY_CLOSED
UNK-013,Package Scheme of Incentives under IISP 2025 - issued? transitional status of PSI 2019,DO_NOT_IMPLEMENT_YET,STILL_OPEN,Exhaustive search logged (incentive_search_log.csv); DO_NOT_IMPLEMENT_YET retained,PSI under IISP 2025 not found; PSI 2019 transition (CON-018),incentive_status,SRC-061;SRC-125;SRC-126,STILL_OPEN,STILL_OPEN
UNK-014,HW Schedule I/II entry mapping per waste stream,REQUIRES_OFFICIAL_CONFIRMATION,STILL_OPEN,howm_decision_path built with INSUFFICIENT_DATA outcomes,Unit-level stream mapping needs process + lab facts,howm_decision_path;R-096,SRC-013;SRC-120,STILL_OPEN,STILL_OPEN
UNK-015,MSIHC MAH definition column and Sch 3 Part II aggregation rule,VERIFIED,CLOSED,Resolved in v2 (VERIFIED),-,R-021,SRC-016,CLOSED,CLOSED
UNK-016,Gas Cylinders Rules r.44 exemption limits for gases other than LPG,REQUIRES_OFFICIAL_CONFIRMATION,STILL_OPEN,R-033 now DO_NOT_IMPLEMENT_YET; draft GSR 146(E) 2026 found,Official GCR 2016 r.44 text,R-033;peso_gating,SRC-118;SRC-093,STILL_OPEN,CLOSED
UNK-017,EC validity periods (para 9) and compliance-report periodicity (para 10),UNKNOWN,CLOSED,"EIA para 9 (validity 10 y, extension 1 y, condonation windows) and para 10 (half-yearly 1 Jun/1 Dec) extracted",-,R-075;R-076;CMP-006,SRC-001,CLOSED,CLOSED
UNK-018,Which fire authority (Directorate e-Fire vs municipal fire service) covers a non-MIDC site,UNKNOWN,CLOSED,"MFPLSM s.3(1): CFO of local/planning authority, else Director; jurisdiction-aware R-078 returns UNKNOWN when CFO status unknown",Per-authority CFO availability is an input fact,R-078;planning_fire_tree,SRC-121,CLOSED,CLOSED
UNK-019,BOCW / ISMW thresholds under OSH Code transition,REQUIRES_OFFICIAL_CONFIRMATION,CLOSED,"BOCW (s.2(1)(h), >=10) and ISMW (s.59, >=10) thresholds extracted",BOCW factory-construction exclusion interpretation (R-090 REQUIRES_OFFICIAL_CONFIRMATION),R-089;R-090,SRC-081,CLOSED,CLOSED
UNK-020,Building-type thresholds requiring fire NOC (non-MIDC),UNKNOWN,CLOSED,Schedule-I industrial/storage/hazardous classes with floor-area rows; R-079,Fire approval renewal (CON-013); hazard class is an input fact,R-079;planning_fire_tree,SRC-121,CLOSED,CLOSED
UNK-021,Boilers Act 2025 definition boundary values (confirm from gazette),VERIFIED,CLOSED,Resolved in v2,-,R-028,SRC-034,CLOSED,CLOSED
UNK-022,"Explosives, NDPS, CWC, ODS, Insecticides, Drugs, Excise, EC Act applicability",REQUIRES_OFFICIAL_CONFIRMATION,CLOSED,chem_specific_branches: all 9 branches classified with trigger/authority/source; residual items tracked per branch,Insecticides MH licensing officer; Drugs form confirmation; Excise DS rules; Mathadi board coverage,chem_specific_branches,SRC-098;SRC-099;SRC-100;SRC-101;SRC-102;SRC-119;SRC-127;SRC-128;SRC-129,CLOSED,CLOSED
UNK-023,MIDC SLA conflicts (see CON-001),REQUIRES_OFFICIAL_CONFIRMATION,STILL_OPEN,Conflicts preserved,MIDC SLA conflicts,midc_sla,SRC-043,CLOSED,CLOSED
UNK-024,MAITRI service/department counts (119/15 vs 128/14),UNKNOWN,STILL_OPEN,No new evidence (services page rendered empty),MAITRI counts,CON-002,SRC-142,STILL_OPEN,STILL_OPEN
UNK-025,HOWM 2026 amendment (brine sludge) - official gazette,DO_NOT_IMPLEMENT_YET,STILL_OPEN,No official 2026 HOWM brine-sludge amendment found,Official gazette,SRC-015,SRC-089,STILL_OPEN,STILL_OPEN
UNK-026,Electricity connection SoP timelines for non-MSEDCL licensees,UNKNOWN,STILL_OPEN,No new evidence,Non-MSEDCL SoP timelines,SLA-029,SRC-055,STILL_OPEN,STILL_OPEN
UNK-027,Maharashtra labour-code page date inconsistencies (21.12.2025 vs 21.11.2025; 'notified' vs objections invited),REQUIRES_OFFICIAL_CONFIRMATION,STILL_OPEN,Gazette governs,Page inconsistencies,CON-005,SRC-025,STILL_OPEN,STILL_OPEN
UNK-028,Upload size limits for each portal,UNKNOWN,STILL_OPEN,Not stated by any portal read; never invented,Upload size limits,documents,-,STILL_OPEN,STILL_OPEN
UNK-029,Maharashtra pre-Code factory worker number for the OSH s.2(1)(w) proviso,REQUIRES_OFFICIAL_CONFIRMATION,STILL_OPEN,No new evidence,MH pre-Code factory worker number (s.2(1)(w) proviso),R-022,SRC-030,STILL_OPEN,STILL_OPEN
UNK-030,Do hazardous-process notifications made under Factories Act s.85 (small units) survive under OSH Code s.143 savings?,UNKNOWN,CLOSED,OSH s.143(3): rules/notifications under repealed Acts deemed made under the Code and continue to the extent not contrary -> s.85 notifications TRANSITIONAL_SAVED,Whether a particular notification is 'contrary' (case-specific),labour_matrix LAB-02;R-022,SRC-081,CLOSED,CLOSED
UNK-031,Column headings (categories) of GSR 84/85 para 8 timeline table for 90/60/30,UNKNOWN,STILL_OPEN,No new evidence,GSR 84/85 para 8 column headings,R-063,SRC-004,STILL_OPEN,STILL_OPEN
UNK-032,Status of CTOs granted before 27-01-2026 with fixed validity; interaction with MPCB auto-renewal scheme,UNKNOWN,STILL_OPEN,No new evidence,Pre-27-01-2026 CTOs vs MPCB auto-renewal,R-062;CON-006,SRC-006;SRC-069,STILL_OPEN,STILL_OPEN
UNK-033,Does blending/formulation-only of non-drug synthetic organic products fall in 5(f)?,UNKNOWN,STILL_OPEN,No new evidence,Blending/formulation-only under 5(f),R-064,SRC-001,STILL_OPEN,STILL_OPEN
UNK-034,HOWM Schedule I/II amendments after 2016 (official consolidated text),UNKNOWN,STILL_OPEN,Schedule II extracted from SPCB-hosted original 2016 text only,Post-2016 consolidated Schedules,hw_streams;R-096,SRC-120,STILL_OPEN,PARTIALLY_CLOSED
UNK-035,Any MSIHC amendment after 2000,UNKNOWN,STILL_OPEN,Per-chemical thresholds now conflicting between extractions (CON-021),Clean T1 MSIHC text incl. amendments,msihc_chemical_mapping,SRC-016;SRC-134,STILL_OPEN,PARTIALLY_CLOSED
UNK-036,Maharashtra Insecticides licensing officer; Drugs Rules form numbers for bulk drug licence,UNKNOWN,STILL_OPEN,"Drugs forms (24/25, 27/28) from FDA booklet T3 + Drugs Rules T1; insecticides authority only T4",MH insecticide licensing officer notification; Drugs form confirmation,APR-055;APR-056,SRC-137;SRC-139,STILL_OPEN,STILL_OPEN
UNK-037,MIDC RTS-notified list (17 services) with legal time limits,UNKNOWN,STILL_OPEN,MIDC RTS page read; PDF link not exposed in page content,17 RTS-notified services list,midc_sla,SRC-105,CLOSED,CLOSED
UNK-038,Boilers Act 2025 registration/certificate section and Maharashtra rules,UNKNOWN,CLOSED,Boilers Act 2025 s.11-16 and s.45 extracted; State rules saved,Renewed-certificate period set by regulations (UNKNOWN value),APR-023;boiler_lifecycle,SRC-034,CLOSED,CLOSED
UNK-039,"Gas toxicity/flammability classification of NH3, Cl2, H2, O2, N2 etc. under GCR/SMPV definitions",UNKNOWN,NOT_APPLICABLE,"Gas classification is only needed by GCR r.44 branch, now DO_NOT_IMPLEMENT_YET; will reopen when official GCR text is captured",-,R-033,SRC-118,NOT_APPLICABLE,NOT_APPLICABLE
UNK-040,E-waste / Battery / Plastic / Used-oil EPR roles of a chemical unit,UNKNOWN,STILL_OPEN,E-waste bulk-consumer rule extracted (R-094),Battery / plastic / used-oil EPR roles,R-094;CND-023,SRC-135,PARTIALLY_CLOSED,PARTIALLY_CLOSED
UNK-041,ODS Rules applicability (use of ODS as feedstock/solvent),UNKNOWN,CLOSED,ODS Rules r.3/r.6/r.8 extracted; branch CONDITIONAL on use of ODS in Schedule IV activity (R-095),Schedule IV activity list not reproduced,R-095,SRC-127,CLOSED,CLOSED
UNK-042,CRZ 2019 / Van Adhiniyam 1980 / ESZ / WLPA detailed triggers,UNKNOWN,CLOSED,"location_triggers framework (CRZ, forest, NBWL, ESZ, GC 5 km, OE groundwater); outcomes CONDITIONAL - requires geospatial fact",ESZ-specific notification content per site,R-083;R-084;R-085;location_triggers,SRC-112;SRC-113;SRC-114,CLOSED,CLOSED
UNK-043,Petroleum Rules 2002 Class A small-quantity exemption text (Tier 1),REQUIRES_OFFICIAL_CONFIRMATION,CLOSED,T1 Petroleum Rules read: exemption not present; R-029 DO_NOT_IMPLEMENT_YET (CON-014),-,R-029,SRC-117,CLOSED,CLOSED
UNK-044,Non-MIDC dependencies: CTO/fire/factory licence -> occupancy certificate,UNKNOWN,STILL_OPEN,planning_fire_tree built; no statutory text linking OC to CTO/fire/factory licence captured,Non-MIDC OC dependencies,DEP-023;DEP-024;DEP-025,SRC-123;SRC-124,PARTIALLY_CLOSED,PARTIALLY_CLOSED
