compliance_id,obligation,frequency_deadline,authority_id,legal_basis,trigger,source_ids,confidence,implement_status,record_state,final_status,notes,record_type,lifecycle_stage,trigger_event,precondition,validity,renewal_trigger,change_trigger,closure_trigger
CMP-001,Maintain HW records in Form 3,Continuous,AUT-003,HOWM 2016 r.6,HW authorisation held,SRC-013,HIGH,SAFE,ACTIVE,VERIFIED_CONDITIONAL,,REPORT,OPERATION,HW authorisation held,MODEL: trigger facts TRUE (see trigger),UNKNOWN,N/A (continuing duty; periodic deadline in frequency_deadline),MODEL: change in any trigger fact -> re-evaluate,MODEL: cessation of triggering activity (statutory closure formalities UNKNOWN unless stated)
CMP-002,HW annual return Form 4,On or before 30 June following FY,AUT-003,HOWM 2016 r.6,HW authorisation held,SRC-013,HIGH,SAFE,ACTIVE,VERIFIED_CONDITIONAL,,RETURN,OPERATION,HW authorisation held,MODEL: trigger facts TRUE (see trigger),UNKNOWN,N/A (continuing duty; periodic deadline in frequency_deadline),MODEL: change in any trigger fact -> re-evaluate,MODEL: cessation of triggering activity (statutory closure formalities UNKNOWN unless stated)
CMP-003,HW storage not exceeding 90 days (extendable up to 180 days in listed cases),Continuous,AUT-003,HOWM 2016 r.8,HW stored on site,SRC-013,HIGH,SAFE,ACTIVE,VERIFIED_CONDITIONAL,,OPERATING_DUTY,OPERATION,HW stored on site,MODEL: trigger facts TRUE (see trigger),MODEL: continuing while trigger persists,N/A (continuing duty; periodic deadline in frequency_deadline),MODEL: change in any trigger fact -> re-evaluate,MODEL: cessation of triggering activity (statutory closure formalities UNKNOWN unless stated)
CMP-004,HW transport: sender prepares 7 copies of manifest Form 10 (copy 1 to SPCB; copies 5 and 7 by receiver to SPCBs; copy 6 to sender); Form 8 labels / Form 9 transporter information as per v1 (not re-verified),Per consignment,AUT-003,HOWM 2016 r.18,HW sent off-site,SRC-013,HIGH,SAFE,ACTIVE,VERIFIED_CONDITIONAL,,REPORT,OPERATION,HW sent off-site,MODEL: trigger facts TRUE (see trigger),UNKNOWN,N/A (continuing duty; periodic deadline in frequency_deadline),MODEL: change in any trigger fact -> re-evaluate,MODEL: cessation of triggering activity (statutory closure formalities UNKNOWN unless stated)
CMP-005,Environmental Statement Form V for FY ending 31 March,On or before 30 September,AUT-003,EP Rules 1986 r.14,Industry requiring consent/authorisation,SRC-065,HIGH,SAFE,ACTIVE,VERIFIED_CONDITIONAL,,RETURN,OPERATION,Industry requiring consent/authorisation,MODEL: trigger facts TRUE (see trigger),UNKNOWN,N/A (continuing duty; periodic deadline in frequency_deadline),MODEL: change in any trigger fact -> re-evaluate,MODEL: cessation of triggering activity (statutory closure formalities UNKNOWN unless stated)
CMP-006,EC compliance reporting on PARIVESH,Half-yearly compliance reports on 1 June and 1 December each calendar year (para 10(ii)); EC publicity: Cat A two local newspapers + website; Cat B newspaper advertisement (para 10(i)),AUT-001/AUT-002,EIA 2006 para 10 (not extracted),EC held,SRC-001,LOW,REQUIRES_OFFICIAL_CONFIRMATION,ACTIVE,VERIFIED_CONDITIONAL,,REPORT,OPERATION,EC held,MODEL: trigger facts TRUE (see trigger),UNKNOWN,N/A (continuing duty; periodic deadline in frequency_deadline),MODEL: change in any trigger fact -> re-evaluate,MODEL: cessation of triggering activity (statutory closure formalities UNKNOWN unless stated)
CMP-007,CTO validity / renewal (valid-until-cancelled vs MPCB auto-renewal 5/10/15 yrs),"Central text (in force 27-01-2026): CTO valid till cancelled (para 4(3)); State may fix one-time CTO fee for 5-25 yrs, re-payable after the paid period (para 5(1)). MPCB 13-08-2025 auto-renewal (5/10/15 yrs) predates it. MPCB implementation: UNKNOWN",AUT-003,GSR 62/63(E) 2026; MPCB circulars 13-08-2025/12-09-2025/22-04-2026,CTO held,SRC-006;SRC-069;SRC-079,LOW,DO_NOT_IMPLEMENT_YET,ACTIVE,REQUIRES_OFFICIAL_CONFIRMATION,,RENEWAL,RENEWAL,CTO held,MODEL: trigger facts TRUE (see trigger),UNKNOWN,N/A (continuing duty; periodic deadline in frequency_deadline),MODEL: change in any trigger fact -> re-evaluate,MODEL: cessation of triggering activity (statutory closure formalities UNKNOWN unless stated)
CMP-008,Fire Form B (fire-fighting installations maintained) by licensed agency,January and July each year,AUT-012 / AUT-010,MFPLSM Act 2006,Building with fire installations,SRC-049;SRC-043,HIGH (non-MIDC) / MEDIUM (MIDC service listed),SAFE,ACTIVE,VERIFIED_CONDITIONAL,,REPORT,OPERATION,Building with fire installations,MODEL: trigger facts TRUE (see trigger),UNKNOWN,N/A (continuing duty; periodic deadline in frequency_deadline),MODEL: change in any trigger fact -> re-evaluate,MODEL: cessation of triggering activity (statutory closure formalities UNKNOWN unless stated)
CMP-009,Boiler annual inspection / renewal certificate,Certificate ceases on expiry (<=12 months) or s.13(1)(b)-(f) events; owner applies to competent person; inspection within 15 d (s.13(4)); defects to owner within 48 h; Chief Inspector renews/refuses (s.13(6)); use pending renewal allowed only if renewal applied before expiry (s.15),AUT-007,"Boilers Act 2025 s.13, s.15, s.19",Registered boiler,SRC-034;SRC-136,MEDIUM,REQUIRES_OFFICIAL_CONFIRMATION,ACTIVE,VERIFIED_CONDITIONAL,,RENEWAL,RENEWAL,Registered boiler,MODEL: trigger facts TRUE (see trigger),UNKNOWN,N/A (continuing duty; periodic deadline in frequency_deadline),MODEL: change in any trigger fact -> re-evaluate,MODEL: cessation of triggering activity (statutory closure formalities UNKNOWN unless stated)
CMP-010,MSIHC safety audit and updating safety report,Annual fresh safety audit by independent expert; auditor report + comments to authority within 30 days of audit (r.10); further safety report every 3 years and before material modification (>=90 days) (r.11); additional info within 90 days of notice (r.12),AUT-005,MSIHC r.10(4),Safety report obligation applies,SRC-016,HIGH,REQUIRES_OFFICIAL_CONFIRMATION,ACTIVE,REQUIRES_OFFICIAL_CONFIRMATION,,AUDIT,OPERATION,Safety report obligation applies,MODEL: trigger facts TRUE (see trigger),UNKNOWN,N/A (continuing duty; periodic deadline in frequency_deadline),MODEL: change in any trigger fact -> re-evaluate,MODEL: cessation of triggering activity (statutory closure formalities UNKNOWN unless stated)
CMP-011,MSIHC on-site emergency plan and mock drills,Before activity; periodic,AUT-005,MSIHC r.13,r.6 activity (>= column 3) - rules 7 to 15 incl. r.13 on-site plan apply at column 3; v1 wrongly tied it to r.10-12 (column 4),SRC-016,MEDIUM,REQUIRES_OFFICIAL_CONFIRMATION,ACTIVE,REQUIRES_OFFICIAL_CONFIRMATION,,REPORT,OPERATION,r.6 activity (>= column 3) - rules 7 to 15 incl. r.13 on-site plan apply at column 3; v1 wrongly tied it to r.10-12 (column 4),MODEL: trigger facts TRUE (see trigger),UNKNOWN,N/A (continuing duty; periodic deadline in frequency_deadline),MODEL: change in any trigger fact -> re-evaluate,MODEL: cessation of triggering activity (statutory closure formalities UNKNOWN unless stated)
CMP-012,CGWA: tamper-proof digital flow meter intimation within 30 days of NOC; online self-compliance; water-level/quality data where required; abstraction/restoration charges,30 days / periodic,AUT-013,CGWA Guidelines 2020/2023,CGWA NOC held,SRC-052,HIGH,SAFE,ACTIVE,VERIFIED_CONDITIONAL,,REPORT,OPERATION,CGWA NOC held,MODEL: trigger facts TRUE (see trigger),UNKNOWN,N/A (continuing duty; periodic deadline in frequency_deadline),MODEL: change in any trigger fact -> re-evaluate,MODEL: cessation of triggering activity (statutory closure formalities UNKNOWN unless stated)
CMP-013,Factory annual/half-yearly returns under MFR 1963 / OSH Code,UNKNOWN in transition,AUT-005,Factories Act/MFR (saved) / OSH Code,Factory,SRC-021;SRC-023,LOW,DO_NOT_IMPLEMENT_YET,ACTIVE,REQUIRES_OFFICIAL_CONFIRMATION,,RETURN,OPERATION,Factory,MODEL: trigger facts TRUE (see trigger),UNKNOWN,N/A (continuing duty; periodic deadline in frequency_deadline),MODEL: change in any trigger fact -> re-evaluate,MODEL: cessation of triggering activity (statutory closure formalities UNKNOWN unless stated)
CMP-014,Environment audit by Registered Environment Auditor,As assigned (no fixed periodicity found),AUT-003 / EADA,Environment Audit Rules 2025,"No blanket obligation. Environment Audit Rules 2025 (S.O.3973(E) 29-08-2025) apply where an audit is assigned by Central/State Government, CPCB/SPCB or a competent authority, or engaged by the project proponent; Registered Environment Auditors may also verify consent applications (GSR 62/63 para 6)",SRC-066;SRC-005,LOW,DO_NOT_IMPLEMENT_YET,ACTIVE,DO_NOT_IMPLEMENT_YET,,AUDIT,OPERATION,"No blanket obligation. Environment Audit Rules 2025 (S.O.3973(E) 29-08-2025) apply where an audit is assigned by Central/State Government, CPCB/SPCB or a competent authority, or engaged by the project proponent; Registered Environment Auditors may also verify consent applications (GSR 62/63 para 6)",MODEL: trigger facts TRUE (see trigger),UNKNOWN,N/A (continuing duty; periodic deadline in frequency_deadline),MODEL: change in any trigger fact -> re-evaluate,MODEL: cessation of triggering activity (statutory closure formalities UNKNOWN unless stated)
CMP-015,Gas cylinder / petroleum licence renewal,GCR licence up to 10 yrs expiring 30 Sept; petroleum validity not extracted,AUT-008,GCR 2016; Petroleum Rules 2002,Licence held,SRC-018,MEDIUM,REQUIRES_OFFICIAL_CONFIRMATION,ACTIVE,REQUIRES_OFFICIAL_CONFIRMATION,,RENEWAL,RENEWAL,Licence held,MODEL: trigger facts TRUE (see trigger),UNKNOWN,N/A (continuing duty; periodic deadline in frequency_deadline),MODEL: change in any trigger fact -> re-evaluate,MODEL: cessation of triggering activity (statutory closure formalities UNKNOWN unless stated)
CMP-016,Single integrated labour return (Maharashtra),UNKNOWN,AUT-006,State EoDB reform,Employer,SRC-070,LOW,REQUIRES_OFFICIAL_CONFIRMATION,ACTIVE,UNKNOWN,,RETURN,OPERATION,Employer,MODEL: trigger facts TRUE (see trigger),UNKNOWN,N/A (continuing duty; periodic deadline in frequency_deadline),MODEL: change in any trigger fact -> re-evaluate,MODEL: cessation of triggering activity (statutory closure formalities UNKNOWN unless stated)
CMP-017,Notice of accident causing death or >=48 h disability,Within time prescribed by appropriate Government (MH value UNKNOWN - rules draft),AUT-005,OSH Code s.10,Any establishment covered by the Code,SRC-081,HIGH (duty) / UNKNOWN (time),DO_NOT_IMPLEMENT_YET,ACTIVE,DO_NOT_IMPLEMENT_YET,Central Rules r.7: Form XI; 12 h after 48-h incapacity; dangerous occurrence within 12 h - applies to Central-sphere establishments. State-sphere (MH) form/time: MFR 1963 provisions TRANSITIONAL_SAVED (s.143) unless contrary; MH OSH rules DRAFT. Kept DO_NOT_IMPLEMENT_YET for MH deterministic timing.,REPORT,OPERATION,Any establishment covered by the Code,MODEL: trigger facts TRUE (see trigger),UNKNOWN,N/A (continuing duty; periodic deadline in frequency_deadline),MODEL: change in any trigger fact -> re-evaluate,MODEL: cessation of triggering activity (statutory closure formalities UNKNOWN unless stated)
CMP-018,Appoint safety officers,Continuous,AUT-005,OSH Code s.22(2),Factory with >=500 workers; factory carrying on hazardous process with >=250; BOCW >=250,SRC-081,HIGH,SAFE,ACTIVE,VERIFIED_CONDITIONAL,,OPERATING_DUTY,OPERATION,Factory with >=500 workers; factory carrying on hazardous process with >=250; BOCW >=250,MODEL: trigger facts TRUE (see trigger),MODEL: continuing while trigger persists,N/A (continuing duty; periodic deadline in frequency_deadline),MODEL: change in any trigger fact -> re-evaluate,MODEL: cessation of triggering activity (statutory closure formalities UNKNOWN unless stated)
CMP-019,MSIHC major accident notice,Within 48 hours; report in Schedule 6 thereafter,Per Sch 5,MSIHC r.5(1),Major accident (r.2(j)) at site or pipeline,SRC-016,HIGH,SAFE,ACTIVE,VERIFIED_CONDITIONAL,,REPORT,OPERATION,Major accident (r.2(j)) at site or pipeline,MODEL: trigger facts TRUE (see trigger),UNKNOWN,N/A (continuing duty; periodic deadline in frequency_deadline),MODEL: change in any trigger fact -> re-evaluate,MODEL: cessation of triggering activity (statutory closure formalities UNKNOWN unless stated)
CMP-020,MSIHC further site report on change,Forthwith,Per Sch 5,MSIHC r.8,Change in max threshold quantity/cessation affecting r.7 report,SRC-016,HIGH,SAFE,ACTIVE,VERIFIED_CONDITIONAL,,REPORT,OPERATION,Change in max threshold quantity/cessation affecting r.7 report,MODEL: trigger facts TRUE (see trigger),UNKNOWN,N/A (continuing duty; periodic deadline in frequency_deadline),MODEL: change in any trigger fact -> re-evaluate,MODEL: cessation of triggering activity (statutory closure formalities UNKNOWN unless stated)
CMP-021,CWC annual declarations (ADPA / ADAA),ADPA: not later than 90 days after end of previous calendar year; ADAA (Sch 2/3): not later than 60 days before start of year; guidance also states Form 4.1 by 31 January,NACWC,CWC Act 2000; NACWC guidance,APR-058 thresholds met,SRC-098,HIGH,SAFE,ACTIVE,VERIFIED_CONDITIONAL,,RETURN,OPERATION,APR-058 thresholds met,MODEL: trigger facts TRUE (see trigger),UNKNOWN,N/A (continuing duty; periodic deadline in frequency_deadline),MODEL: change in any trigger fact -> re-evaluate,MODEL: cessation of triggering activity (statutory closure formalities UNKNOWN unless stated)
CMP-022,Boiler Operation Engineer engagement & reporting,Report BOE particulars within 7 days of engagement; within 7 days when BOE leaves/dies,AUT-007,Boiler Operation Engineers' Rules 2025 (GSR 705(E)),"Boiler(s) with total heating surface >1,000 m2 (single, battery or within 50 m radius)",SRC-085,HIGH,SAFE,ACTIVE,VERIFIED_CONDITIONAL,,OPERATING_DUTY,OPERATION,"Boiler(s) with total heating surface >1,000 m2 (single, battery or within 50 m radius)",MODEL: trigger facts TRUE (see trigger),MODEL: continuing while trigger persists,N/A (continuing duty; periodic deadline in frequency_deadline),MODEL: change in any trigger fact -> re-evaluate,MODEL: cessation of triggering activity (statutory closure formalities UNKNOWN unless stated)
CMP-023,MSIHC off-site emergency plan inputs,Per District Collector,District Collector / District Emergency Authority,MSIHC r.14; Sch 5 S.No.9,r.6 activity,SRC-016,HIGH,SAFE,ACTIVE,VERIFIED_CONDITIONAL,,REPORT,OPERATION,r.6 activity,MODEL: trigger facts TRUE (see trigger),UNKNOWN,N/A (continuing duty; periodic deadline in frequency_deadline),MODEL: change in any trigger fact -> re-evaluate,MODEL: cessation of triggering activity (statutory closure formalities UNKNOWN unless stated)
CMP-024,CMVR consignor duties for road transport of dangerous/hazardous goods,Each consignment,RTO / transport authority,CMVR 1989 r.131 (with r.129-137),R-093,SRC-102,HIGH,IMPLEMENT,ACTIVE,VERIFIED_CONDITIONAL,,OPERATING_DUTY,OPERATION,R-093,MODEL: trigger facts TRUE (see trigger),MODEL: continuing while trigger persists,N/A (continuing duty; periodic deadline in frequency_deadline),MODEL: change in any trigger fact -> re-evaluate,MODEL: cessation of triggering activity (statutory closure formalities UNKNOWN unless stated)
CMP-025,E-waste bulk consumer: hand over e-waste only to registered producer/refurbisher/recycler,Continuous,CPCB/MPCB,E-Waste Rules 2022 r.8,R-094,SRC-135,HIGH,IMPLEMENT,ACTIVE,VERIFIED_CONDITIONAL,,EPR,OPERATION,R-094,MODEL: trigger facts TRUE (see trigger),UNKNOWN,N/A (continuing duty; periodic deadline in frequency_deadline),MODEL: change in any trigger fact -> re-evaluate,MODEL: cessation of triggering activity (statutory closure formalities UNKNOWN unless stated)
CMP-026,Hazardous process: disclosure; on-site emergency plan approved by Chief Inspector-cum-Facilitator; inform CIF 30 days before commencing a hazardous process,30 days before commencement; plan before operation,DISH,OSH Code s.84,F-LAB-07 == TRUE,SRC-081,HIGH,IMPLEMENT_DUTY_ONLY,ACTIVE,VERIFIED_CONDITIONAL,,REPORT,PRE_OPERATION,F-LAB-07 == TRUE,MODEL: trigger facts TRUE (see trigger),UNKNOWN,N/A (continuing duty; periodic deadline in frequency_deadline),MODEL: change in any trigger fact -> re-evaluate,MODEL: cessation of triggering activity (statutory closure formalities UNKNOWN unless stated)
CMP-027,Medical examination of workers in hazardous process: before assignment and at intervals not exceeding 12 months,Pre-assignment; <=12 months,DISH,OSH Code s.85,F-LAB-07 == TRUE,SRC-081,HIGH,IMPLEMENT,ACTIVE,VERIFIED_CONDITIONAL,,INSPECTION,OPERATION,F-LAB-07 == TRUE,MODEL: trigger facts TRUE (see trigger),UNKNOWN,N/A (continuing duty; periodic deadline in frequency_deadline),MODEL: change in any trigger fact -> re-evaluate,MODEL: cessation of triggering activity (statutory closure formalities UNKNOWN unless stated)
CMP-028,Boiler certificate renewal application before expiry (to preserve right of use pending decision),Before certificate expiry,Directorate of Steam Boilers (Chief Inspector),"Boilers Act 2025 s.13(3), s.15",R-088,SRC-034,HIGH,IMPLEMENT,ACTIVE,VERIFIED,,RENEWAL,RENEWAL,R-088,MODEL: trigger facts TRUE (see trigger),UNKNOWN,N/A (continuing duty; periodic deadline in frequency_deadline),MODEL: change in any trigger fact -> re-evaluate,MODEL: cessation of triggering activity (statutory closure formalities UNKNOWN unless stated)
CMP-029,OSH establishment registration: intimate changes within 30 d; closure within 30 d,30 days,Registering officer (appropriate Government),OSH Code s.3,R-024,SRC-081,HIGH,IMPLEMENT_DUTY_ONLY,ACTIVE,VERIFIED_CONDITIONAL,,REPORT,OPERATION;CLOSURE,R-024,MODEL: trigger facts TRUE (see trigger),UNKNOWN,N/A (continuing duty; periodic deadline in frequency_deadline),MODEL: change in any trigger fact -> re-evaluate,MODEL: cessation of triggering activity (statutory closure formalities UNKNOWN unless stated)
