conflict_id,topic,source_A,value_A,date_A,source_B,value_B,date_B,difference,legal_status,current_portal_status,resolution,selected_value,confidence,final_status,record_state
CON-001,MIDC occupancy certificate time limit,SRC-043 services portal (AllServicesPortalAnon),10 days,2026 (accessed 26-09-2026),SRC-110 AllServicesAnon / SRC-044 planning page; SRC-046 EoDB,8 days / 8 days; 15 days,n.d. / 2021-09-30 / n.d.,2-7 day spread,RTS-notified legal limit not read (UNK-037),Portal shows 10,RESOLVED - RTS notification 06-05-2025 gives the legal time limit; portal value retained separately (midc_sla),NONE (display all),MEDIUM,VERIFIED,
CON-001B,MIDC combined BP + provisional fire NOC,SRC-043,35 days,2026,SRC-044 / SRC-045,15 days (BP+fire) / prov fire 30 days,2021-09-30 / n.d.,,RTS legal limit UNKNOWN,Portal shows 35,RESOLVED - RTS notification 06-05-2025 gives the legal time limit; portal value retained separately (midc_sla),NONE (display all),MEDIUM,VERIFIED,
CON-001C,MIDC tree felling and commencement intimation,SRC-043,tree 45 d; commencement 0 d,2026,SRC-045/SRC-047,tree 60 d; commencement 30 d,n.d.,,UNKNOWN,Portal values,RESOLVED - RTS notification 06-05-2025 gives the legal time limit; portal value retained separately (midc_sla),NONE,LOW,VERIFIED,
CON-002,MAITRI service/department counts,SRC-057/059/070,119 services / 15 departments,2024-2025,SRC-058,128 services / 14 departments,2026-08-21,count,Not legal,MAITRI unreachable 26-09-2026,Counts not used in logic,SRC-058 (more recent),LOW,VERIFIED_CONDITIONAL,
CON-003,Consent processing timelines,SRC-008 MPCB 23-02-2026,Green 15 / Orange 24 / Red 40 WORKING days,2026-02-23,SRC-006 central guidelines,"Central outer limits (84(E)/85(E) 2025, as recited in MPCB circular): Green 30/30/30, Orange 45/60/60, Red 60/90/120 days (CTE/CTO/Renewal); expansion/amendment 90/60/30 days (GSR 63(E), SLA-036)",2025-01-29 / 2026-01-23,Units (working vs calendar days) and legal character differ: central = LEGAL outer limit; MPCB = ADMINISTRATIVE internal service target,Both operative; MPCB target is shorter and does not displace the central outer limit,-,Display both separately; never merge. Legal consequences of delay (if any) come from the central instrument only. Circular predates and is silent on GSR 62/63 implementation (MPCB 21/22-04-2026 circular).,BOTH (typed LEGAL vs ADMINISTRATIVE),MEDIUM,VERIFIED_CONDITIONAL,
CON-004,Boilers law cited by Maharashtra,SRC-032/SRC-034 (Boilers Act 2025 in force 01-05-2025),2025 Act,2025,SRC-036 Directorate page (01-09-2026) cites 1923 Act; SRC-087 cites only MRTPS Act,1923 Act / none,2026-09-01,Old law cited by portal,Central Act governs (T1),Legacy citation,Treat services as PORTAL LEGACY SERVICE under 2025 Act; do not show 1923 Act as current,Boilers Act 2025,HIGH,VERIFIED_CONDITIONAL,
CON-005,Labour-code dates on Maharashtra page,SRC-025,launched 21.12.2025; rules 'framed and notified' yet objections invited,2026,SRC-080 S.O.5321(E),commencement 21-11-2025,2025-11-21,dates,Gazette governs,Page inconsistent,Use Gazette,21-11-2025,HIGH,VERIFIED_CONDITIONAL,
CON-006,CTO validity,SRC-006 GSR 62/63 (T1),CTO valid till cancelled; one-time fee 5-25 yrs,2026-01-27,SRC-069 MPCB auto-renewal (T2),fixed validity 5/10/15 yrs; renewal by self-declaration,2025-08-13,regime change,Central guidelines later in time and T1; MPCB implementation not evidenced (SRC-079 is transmittal only),MPCB portal behaviour not verified,Do not compute validity; display both with status,UNKNOWN,MEDIUM,REQUIRES_OFFICIAL_CONFIRMATION,
CON-007,Lifts regime,SRC-083 (2017 Act) / SRC-084 (2026 Bill),new Act enacted; not in force as at 01-01-2019; Bill pending,2019 / 2026,SRC-041 CEI RTS,services under Bombay Lifts Act 1939,2018-12-12,which Act operates,No commencement notification found,CEI services under 1939 Act,Keep 1939 services; 2017/2026 = FUTURE_REGIME,1939 Act services,MEDIUM,VERIFIED_CONDITIONAL,
CON-008,Boiler registration and renewal time limits,SRC-087 mahaboiler,registration 43 (made in MH) / 50 (outside); renewal 17**,2026,SRC-088 Labour RTS page,registration 50; renewal 7,2026-09-01,renewal 7 vs 17,Both official (T3); RTS notification not read,-,Preserve both,NONE (display both),MEDIUM,REQUIRES_OFFICIAL_CONFIRMATION,
CON-009,EIA 8(a) industrial-shed exclusion,v1 pack (APR-003/R-007) derived from S.O.523(E) Note 1,industrial sheds excluded,2025-01-29,SRC-001 fn 98; SRC-090/091 SC judgment,Note 1 quashed,2025-08-05,exclusion exists vs quashed,Quashed by Supreme Court,PARIVESH consolidated text records quashing,v1 corrected; F-BLD-02 deprecated,No exclusion,HIGH,VERIFIED_CONDITIONAL,
CON-010,Factory headcount threshold,SRC-081 OSH s.2(1)(w),20 with power / 40 without; State pre-Code number prevails if different,2025-11-21,SRC-030 DISH FAQ,20 / 40,n.d.,none in value; proviso unverified,Code in force,DISH FAQ written under Factories Act,Use 20/40 with UNK-029 flag,20 / 40,MEDIUM,VERIFIED_CONDITIONAL,
CON-011,Petroleum Class B exemption wording,SRC-017 PESO SOP / SRC-106 FAQ,'Class B (Non Bulk) <=2500 L and receptacle <=1000 L',2025-01,SRC-092 Petroleum Act s.7(i),total <=2500 L at one place and no receptacle >1000 L (no 'non-bulk' element),1934,extra 'non-bulk' qualifier,Act (T1) governs,-,Implement Act test,Act s.7(i),HIGH,VERIFIED_CONDITIONAL,
CON-012,Consent deemed CTE source,SRC-005 PIB (T3),summary,2026-01-23,SRC-006 Gazette (T1),para 6(7) text,2026-01-27,none material,T1 governs,-,Use T1,SRC-006,HIGH,VERIFIED_CONDITIONAL,
CON-013,Renewal of fire safety approval,SRC-144 Circular 30-10-2014 (read),'Not Necessity of renewal of Fire Approval' (30-10-2014),2014-10-30,SRC-145 Circular 31-01-2025 (read),'Necessity about Renewal of Fire Approval' (31-01-2025),2025-01-31,NONE - titles looked opposite in v3 but both texts say renewal does not arise under the Fire Act; 2025 circular adds the s.3 proviso (renewal only if another Act/Rule requires it),MFPLSM s.3(1) refers to Renewal Fire Safety Approval (Act T1),both listed,RESOLVED - not a conflict,Renewal DOES_NOT_APPLY under Fire Act; CONDITIONAL on other statutes (R-099),HIGH,VERIFIED,ACTIVE
CON-014,Petroleum Class A small-quantity storage exemption,SRC-017 PESO SOP (T3),Class A <=30 L exempt,2025-01,SRC-117 Petroleum Rules 2002 (T1),No such storage exemption found; r.42 30 L relates to vessels; r.62 transport Class A <=100 L,2002,Exemption present only in T3,T1 governs,-,Do not implement exemption,NONE (R-029 DO_NOT_IMPLEMENT_YET),MEDIUM,DO_NOT_IMPLEMENT_YET,ACTIVE
CON-015,MH Groundwater Act commencement,v2 record R-071,commencement not found (UNKNOWN),2026-09,SRC-131 India Code footnote,01-06-2014 (G.N. 28-05-2014),2014-05-28,v2 gap,T1 footnote,-,Adopt T1,2014-06-01,HIGH,VERIFIED,ACTIVE
CON-016,Labour/boiler portal services cite repealed Acts,SRC-136 / SRC-088 Labour Dept services,"Factories Act 1948, CLRA 1970, BOCW 1996, ISMW 1979",2026-09-01,SRC-080 / SRC-081 / SRC-034,OSH Code in force 21-11-2025 (s.143 repeal; rules saved if not contrary); Boilers Act 2025 in force 01-05-2025 (s.45 savings),2025,Portal legal basis outdated,Code/Act govern; old rules saved transitionally,PORTAL_LEGACY,Label services PORTAL_LEGACY; SLAs portal-only,PORTAL_LEGACY,HIGH,VERIFIED_CONDITIONAL,ACTIVE
CON-018,PSI 2019 operative period,SRC-125 PSI 2019 GR,till 31-03-2024 or till new PSI comes into force,2019-09-16,SRC-126 corrigendum / SRC-061 IISP 2025,"2025 corrigendum amends PSI 2019; IISP 2025: existing PSI 2019 to be amended, new PSI to be announced",2025,Whether PSI 2019 accepts new applications after 31-03-2024,Unclear,PSI 2019 listed on Industries/MIDC pages,Unresolved,UNKNOWN,MEDIUM,REQUIRES_OFFICIAL_CONFIRMATION,ACTIVE
CON-019,Groundwater regulator for industrial abstraction in Maharashtra,SRC-052 CGWA guidelines Annexure VIII,Maharashtra listed as CGWA-regulated,2023,SRC-131/SRC-132 MH GW Act,Act in force from 01-06-2014; MWRRA is State GW Authority; s.8 deep-well powers,2014,Parallel regimes,Both apply in their scope; CGWA inconsistency clause favours CGWA,NOCAP handles MH industrial NOC,Industrial NOC -> CGWA; MH Act deep-well/notified-area restrictions evaluated additionally,CGWA NOC + MH Act overlay,MEDIUM,VERIFIED_CONDITIONAL,ACTIVE
CON-020,Boiler registration timeline,SRC-034 Act s.12,exam date <=30 d; notice >=10 d; report <=7 d,2025,SRC-136 portal,30 days (registration),2026-09-01,Different measures (statutory step vs portal end-to-end),Act governs steps,30 d,"Keep both, label types","Both (SLA-040, SLA-047)",HIGH,VERIFIED_CONDITIONAL,ACTIVE
CON-021,MSIHC Schedule 3 Part I per-chemical thresholds,v2 notes (SRC-016 India Code extraction),hydrogen 2 t; ammonia col4 500 t,2026-09,SRC-134 HSPCB scan (two extractions),hydrogen 50/200 t; ammonia 50/200 t; bromine 40/200 vs 20/100; SO2 20/250 vs 20/200; H2S 5/50 vs 5/20; chlorine 10/75 vs 10/25,2026-09-26,Scanned-table extraction unstable,Gazette text governs,-,"RESOLVED - v3 'HSPCB scan' values were extraction errors; original 1989 Gazette (MoEFCC scan, visually checked) and India Code consolidated text agree (e.g. ammonia 50/500 t, chlorine 10/25 t, H2S 5/50 t, SO2 20/250 t, hydrogen 2/50 t, bromine 40 t + 1994 col-4 500 t)",msihc_t1_thresholds,HIGH,VERIFIED,ACTIVE
CON-024,Annual fire renewal for Petroleum/Gas Cylinder licence holders,SRC-148 MFS Office Order 10-12-2025 para 3(III),"'certain statutes like Petroleum Act, Gas Cylinder Rules demands for fire renewal every year'",2025-12-10,"SRC-117 Petroleum Rules 2002 (T1, v3)","Petroleum Rules 2002 r.142/148, GCR 2016 r.51/55, SMPV 2016 r.51/55 (T1): PESO licence validity 3/10/5 years; no rule requiring annual MFS fire renewal located",2002,T2 statement without rule citation vs T1 text not showing it,Unverified,-,Keep FR-03 UNKNOWN; do not implement annual renewal,NONE,MEDIUM,REQUIRES_OFFICIAL_CONFIRMATION,ACTIVE
CON-022,MSIHC Sch 3 Part I s.no.164 (lead styphnate) and 165 (mercury fulminate) col 3,SRC-155 consolidated text,50 t / 10 t (not updated),2000,SRC-156 S.O. 57(E) r.11(i) (+SRC-157),"100 kg for s.no.150,160,163,164,165",2000-01-19,Consolidation error,Gazette governs,-,RESOLVED - use 100 kg,100 kg,HIGH,VERIFIED,ACTIVE
CON-023,MSIHC Sch 3 Part I s.no.111 Ethyleneimine col 3,SRC-154 original gazette,50 t,1989-11-27,SRC-155 consolidated,5 t (no amendment footnote),2000,Value differs; no amending instrument identified,Unresolved,-,Hold; engine returns UNKNOWN for this entry. v5: SRC-167 repeats 5 t without footnote; amendment chain (SRC-168) has no instrument explaining it,NONE,MEDIUM,REQUIRES_OFFICIAL_CONFIRMATION,ACTIVE
CON-026,MSIHC Sch 3 Part I s.no.49 chemical name,SRC-154 original gazette,"4-Fluorocrotonic acid, 1 kg, CAS 37759-72-1",1989-11-27,SRC-167 central consolidated,"4-Fluorobutyric acid, 1 kg, CAS 37759-72-1",consolidated,Name differs; threshold identical; CAS matches the gazette name,No amending instrument renames the entry (SRC-168 chain),-,Use gazette name + CAS for matching; threshold 1 kg VERIFIED,4-Fluorocrotonic acid / 1 kg,HIGH,VERIFIED_CONDITIONAL,ACTIVE
CON-027,MSIHC Sch 3 Part I s.no.99 Warfarin,SRC-154 original gazette,100 kg,1989-11-27,SRC-167 central consolidated,100 kg,consolidated,v4 held this entry; v5 finds both agree,Resolved,-,VERIFIED 100 kg,100 kg,HIGH,VERIFIED,ACTIVE
CON-028,Legal basis shown for boiler services,SRC-141 DSB acts page,Lists Boilers Act 2025 + 2025 rules,2026-09-26 (accessed),SRC-186 Labour Dept DSB page,Lists Boilers Act 1923,2026-09-26 (accessed),Portal pages inconsistent,"Boilers Act 2025 operative (SRC-034, T1); portal listings are not law",PORTAL_LEGACY,Statute = Boilers Act 2025; display portal workflow as PORTAL_LEGACY; WORKFLOW_CONFIRMATION_REQUIRED,Boilers Act 2025 (statute),HIGH,VERIFIED_CONDITIONAL,ACTIVE
