dep_id,from_prerequisite,to_dependent,dependency_type,condition,reason,source_ids,confidence,inferred,dependency_class,dependency_evidence,dep_source,dep_locator,record_state,final_status
DEP-001,APR-001,ACT-003 (construction/land preparation),LEGAL_PRECONDITION,EC required,EIA para 2: prior EC before construction or preparation of land (except securing land),SRC-001,HIGH,NO,EXPLICIT_LEGAL,EIA para 2 prior EC before construction/land preparation,SRC-001,para 2,ACTIVE,VERIFIED
DEP-002,APR-001,APR-008,PRACTICE_EXPECTED,EC required,CTE for EC-listed project generally sought after EC - no MPCB source captured,-,MEDIUM,YES_INFERRED,INFERRED,No source makes EC a precondition of CTE; GSR 62 para 9 only allocates site conditions to EAC for EC projects,SRC-006,para 9,ACTIVE,UNKNOWN
DEP-003,APR-008,APR-030,DOCUMENT_PREREQUISITE,Site in MIDC; MPCB category Red (Orange/Green: acknowledgement suffices),MIDC building permission requires MPCB CTE,SRC-044;SRC-045,HIGH,NO,EXPLICIT_PORTAL,MIDC planning page: BP requires MPCB CTE (Red); acknowledgement for Orange/Green,SRC-044,planning page,ACTIVE,VERIFIED_CONDITIONAL
DEP-004,APR-030 (provisional fire),APR-030 (building permission),BUNDLED,Site in MIDC,Combined service: BP + provisional fire NOC,SRC-043,HIGH,NO,EXPLICIT_PORTAL,Combined service on MIDC portal,SRC-043,service list,ACTIVE,VERIFIED
DEP-005,APR-033,APR-032,DOCUMENT_PREREQUISITE,Site in MIDC,OC requires final fire NOC,SRC-044;SRC-046,HIGH,NO,OFFICIAL_WORKFLOW,MIDC OC document list,SRC-044,planning page,ACTIVE,VERIFIED_CONDITIONAL
DEP-006,APR-009,APR-032,DOCUMENT_PREREQUISITE,Site in MIDC,OC requires MPCB CTO,SRC-044;SRC-046,HIGH,NO,OFFICIAL_WORKFLOW,MIDC OC document list,SRC-044,planning page,ACTIVE,VERIFIED_CONDITIONAL
DEP-007,APR-016,APR-032,DOCUMENT_PREREQUISITE,Site in MIDC AND factory threshold met,OC requires factory registration if applicable,SRC-044,MEDIUM,NO,OFFICIAL_WORKFLOW,MIDC OC document list ('if applicable'),SRC-044,planning page,ACTIVE,VERIFIED_CONDITIONAL
DEP-008,APR-038,APR-008,DOCUMENT_PREREQUISITE,Site outside notified industrial area,MPCB must verify valid building permission before CTE,SRC-067,HIGH,NO,OFFICIAL_WORKFLOW,MPCB circular 24-07-2025 (T2) directs verification of building permission before CTE,SRC-067,circular,ACTIVE,VERIFIED_CONDITIONAL
DEP-009,APR-008;APR-009,APR-010,DOCUMENT_PREREQUISITE,HW authorisation needed,Form 1 accompanied by CTE and CTO,SRC-013,HIGH,NO,EXPLICIT_LEGAL,HOWM r.6 application accompanied by consent,SRC-013,r.6,ACTIVE,VERIFIED
DEP-010,APR-012 (site notification),Commencement of industrial activity,TIME_LEAD,Qty >= col 3 threshold,Written report >=3 months before commencing activity,SRC-016,MEDIUM,NO,EXPLICIT_LEGAL,MSIHC r.7(1),SRC-016,r.7(1),ACTIVE,VERIFIED
DEP-011,APR-012 (safety report),Commencement of industrial activity,TIME_LEAD,Qty >= col 4 threshold,Safety report >=90 days before commencing,SRC-016,MEDIUM,NO,EXPLICIT_LEGAL,MSIHC r.10(1),SRC-016,r.10(1),ACTIVE,VERIFIED
DEP-012,APR-044,Dewatering works,LEGAL_PRECONDITION,Dewatering needed,NOC before commencement of work,SRC-052,HIGH,NO,EXPLICIT_LEGAL,CGWA guidelines (EP Act) - NOC before dewatering,SRC-052,guidelines,ACTIVE,VERIFIED_CONDITIONAL
DEP-013,DOC-008 (Rule 144 NOC),APR-026 (Form XV/XVI),DOCUMENT_PREREQUISITE,PESO licence type needs NOC,District Authority NOC,SRC-017,HIGH,NO,OFFICIAL_WORKFLOW,PESO SOP (T3) lists Rule 144 NOC; Rules text not fetched,SRC-017,SOP,ACTIVE,REQUIRES_OFFICIAL_CONFIRMATION
DEP-014,APR-028 (prior approval of plans),APR-028 (LS-1A licence),LEGAL_PRECONDITION,SMPV applicable,Prior approval precedes licence,SRC-020,HIGH,NO,OFFICIAL_WORKFLOW,PESO SOP (T3) prior approval before licence,SRC-020,SOP,ACTIVE,REQUIRES_OFFICIAL_CONFIRMATION
DEP-015,APR-023,Boiler use,LEGAL_PRECONDITION,Boiler definition met,Boiler must be registered/certified before use,SRC-034,MEDIUM,NO,INFERRED,Registration section of Boilers Act 2025 not located (UNK-038),SRC-034,-,ACTIVE,UNKNOWN
DEP-016,APR-015,APR-016,PRACTICE_EXPECTED,Factory,Plan approval precedes licence under MFR - rule text not captured,SRC-029,MEDIUM,YES_INFERRED,OFFICIAL_WORKFLOW,DISH FAQ: licence after plans approved and inspection,SRC-030,FAQ,ACTIVE,VERIFIED_CONDITIONAL
DEP-017,APR-047 (erection permission),APR-047 (licence),PRACTICE_EXPECTED,Lift installed,Permission precedes licence (two separate RTS services),SRC-041,MEDIUM,YES_INFERRED,INFERRED,Two RTS services; ordering not stated in law read,SRC-041,RTS table,ACTIVE,UNKNOWN
DEP-018,APR-046,Energisation of HT installation,LEGAL_PRECONDITION,Above notified voltage,Inspection/approval before energisation,SRC-042,MEDIUM,NO,EXPLICIT_LEGAL,CEA 2023: above notified voltage requires inspection (regulation number not re-verified),SRC-042,self-certification proviso,ACTIVE,VERIFIED_CONDITIONAL
DEP-019,APR-029,APR-030,LEGAL_PRECONDITION,Site in MIDC,MIDC building permission is issued to plot holder,SRC-043,MEDIUM,YES_INFERRED,OFFICIAL_WORKFLOW,MIDC BP issued to plot holder,SRC-043,service list,ACTIVE,VERIFIED_CONDITIONAL
DEP-020,FAC-001,ANY integrated approval,FACILITATION_ONLY,Applicant uses MAITRI,Submission channel; not a legal prerequisite,SRC-059;SRC-060,HIGH,NO,OFFICIAL_WORKFLOW,Facilitation channel only - not a dependency,SRC-060,MAITRI Act,ACTIVE,VERIFIED
DEP-021,APR-050 (CETP membership),Discharge to CETP,UNKNOWN,Discharge mode = CETP,No official source establishing membership as a legal precondition was located,-,LOW,TRUE,UNKNOWN,No source,-,-,ACTIVE,UNKNOWN
DEP-022,APR-043,Groundwater abstraction,LEGAL_PRECONDITION,Not exempt,CGWA guidelines require NOC for abstraction,SRC-052,HIGH,FALSE,EXPLICIT_LEGAL,CGWA guidelines,SRC-052,guidelines,ACTIVE,VERIFIED_CONDITIONAL
DEP-023,APR-009,APR-041 (non-MIDC OC),UNKNOWN,Outside MIDC,Not located,-,LOW,TRUE,UNKNOWN,Not located,-,-,ACTIVE,UNKNOWN
DEP-024,APR-040,APR-041 (non-MIDC OC),UNKNOWN,Outside MIDC,MFPLSM/UDCPR text not fetched,-,LOW,TRUE,UNKNOWN,Not located,-,-,ACTIVE,UNKNOWN
DEP-025,APR-016,APR-041 (non-MIDC OC),UNKNOWN,Outside MIDC,Not located,-,LOW,TRUE,UNKNOWN,Not located,-,-,ACTIVE,UNKNOWN
DEP-026,APR-012 (r.7 approval),Commencement of industrial activity,LEGAL_PRECONDITION,r.6 activity,'shall not undertake any industrial activity unless he has been granted an approval' (r.7(1)),SRC-016,HIGH,FALSE,EXPLICIT_LEGAL,MSIHC r.7(1),SRC-016,r.7(1),ACTIVE,VERIFIED
DEP-027,Erection inspection by inspecting authority (s.9),APR-023 Boiler registration,PREREQUISITE,Boiler to be registered,s.9(1),SRC-034,HIGH,FALSE,EXPLICIT_LEGAL,Boilers Act 2025 s.9(1),SRC-034,s.9(1),ACTIVE,VERIFIED_CONDITIONAL
DEP-028,Plan approval (r.131) for Forms XIV/XV/XVI,APR-026 Petroleum licence,PREREQUISITE,Licence under those forms,r.131,SRC-117,HIGH,FALSE,EXPLICIT_LEGAL,Petroleum Rules 2002 r.131,SRC-117,r.131,ACTIVE,VERIFIED_CONDITIONAL
DEP-029,District Authority NOC (r.144),APR-026 Petroleum licence (CCE/Controller),PREREQUISITE,New licence by CCE/Controller except listed forms,r.144,SRC-117,HIGH,FALSE,EXPLICIT_LEGAL,r.144,SRC-117,r.144,ACTIVE,VERIFIED_CONDITIONAL
DEP-030,SC-NBWL recommendation,APR-001 EC,PREREQUISITE,In ESZ / within 10 km of NP/WLS without ESZ,SC order 04-12-2006,SRC-114,HIGH,FALSE,EXPLICIT_LEGAL,order (judicial),SRC-114,SC order 04-12-2006,ACTIVE,VERIFIED_CONDITIONAL
DEP-031,Provisional Fire Safety Approval,APR-040 Final fire approval,SEQUENCE,Schedule-I building,s.3(1),SRC-121,HIGH,FALSE,EXPLICIT_LEGAL,MFPLSM s.3(1),SRC-121,s.3(1),ACTIVE,VERIFIED_CONDITIONAL
DEP-032,Commencement certificate (s.45(2)),Start of development (non-MIDC),PREREQUISITE,Any development,s.44-45,SRC-123,HIGH,FALSE,EXPLICIT_LEGAL,MRTP s.45(2),SRC-123,s.44-45,ACTIVE,VERIFIED_CONDITIONAL
DEP-033,Forest (non-forest use) approval,Any construction on forest land,PREREQUISITE,F-LOC-15 TRUE,r.9,SRC-113,HIGH,FALSE,EXPLICIT_LEGAL,Van Rules 2023 r.9,SRC-113,r.9,ACTIVE,VERIFIED_CONDITIONAL
DEP-034,CRZ clearance,Permissible activity in CRZ,PREREQUISITE,F-GEO-01 in CRZ,paras 7-8,SRC-112,HIGH,FALSE,EXPLICIT_LEGAL,CRZ 2019 para 7,SRC-112,paras 7-8,ACTIVE,VERIFIED_CONDITIONAL
