screen_id,regime,role_required,trigger_facts,applicability,primary_authority,registration_portal,continuing_duty,record_class,source_ids,exact_locator,effective_date,final_status
EPRS-01,Plastic packaging (PWM),producer / importer / brand owner (PIBO),F-OTH-05 epr_role includes PIBO for plastic packaging,CONDITIONAL on role; role UNKNOWN -> INSUFFICIENT_DATA,CPCB (PIBO operating in >2 states) / SPCB,CPCB plastic EPR portal,Annual EPR targets per Schedule II,OPERATING_DUTY / REGISTRATION (not a project-stage approval),SRC-159,Sch II,2026-03-31 (latest amendment),VERIFIED_CONDITIONAL
EPRS-02,Plastic packaging (PWM),plastic waste processor / seller of plastic raw material,role input,CONDITIONAL on role,CPCB/SPCB,CPCB portal,Registration + returns,OPERATING_DUTY / REGISTRATION (not a project-stage approval),SRC-159,r.3(uc) (2026),2026-03-31,VERIFIED_CONDITIONAL
EPRS-03,Battery (BWM),producer (manufacturer / own-brand seller / importer of battery or equipment with battery),role input,CONDITIONAL on role,CPCB,https://www.eprbatterycpcb.in,EPR targets; marking incl. EPR reg. no. via barcode/QR (2025 amendment),OPERATING_DUTY / REGISTRATION (not a project-stage approval),SRC-161;SRC-181,MPCB spec s.I-II; S.O.958(E) r.2,2025-02-24,VERIFIED_CONDITIONAL
EPRS-04,Battery (BWM),refurbisher / recycler,role input,CONDITIONAL on role,CPCB/SPCB,CPCB battery portal,Registration + returns (detail not extracted),OPERATING_DUTY / REGISTRATION (not a project-stage approval),SRC-161,spec,2022,REQUIRES_OFFICIAL_CONFIRMATION
EPRS-05,E-waste,bulk consumer,F-EEE-01 >= 1000 units Sch-I EEE in FY,CONDITIONAL (R-094); UNKNOWN -> INSUFFICIENT_DATA,SPCB,-,Hand over e-waste only to registered producer/refurbisher/recycler (r.8),OPERATING_DUTY / REGISTRATION (not a project-stage approval),SRC-135,r.3; r.8,2023-04-01,VERIFIED_CONDITIONAL
EPRS-06,E-waste,producer / manufacturer / refurbisher / recycler,role input,CONDITIONAL on role,CPCB,CPCB e-waste portal,Registration + EPR (not modelled),OPERATING_DUTY / REGISTRATION (not a project-stage approval),SRC-135,r.3-r.5,2023-04-01,REQUIRES_OFFICIAL_CONFIRMATION
EPRS-07,Used oil,producer of base oil / lubricating oil; importer of used oil,role input,CONDITIONAL on role,CPCB,https://eprusedoil.cpcb.gov.in,EPR certificates from registered recyclers,OPERATING_DUTY / REGISTRATION (not a project-stage approval),SRC-162;SRC-184,guideline paras 1-2; portal,2024-04-01 (T3),REQUIRES_OFFICIAL_CONFIRMATION
EPRS-08,Used oil,recycler / collection agent,role input,CONDITIONAL on role,CPCB,CPCB used-oil portal,Registration,OPERATING_DUTY / REGISTRATION (not a project-stage approval),SRC-162;SRC-184,portal,2024-04-01 (T3),REQUIRES_OFFICIAL_CONFIRMATION
EPRS-09,Waste tyre,producer (6 limbs),role input incl. import of vehicles fitted with new tyres,CONDITIONAL on role,CPCB,CPCB tyre portal (para 9),EPR obligation; quarterly returns; certificates,OPERATING_DUTY / REGISTRATION (not a project-stage approval),SRC-182,"Sch IX 1(e), 2, 3, 9",2022-07-21,VERIFIED_CONDITIONAL
EPRS-10,Waste tyre,recycler / retreader,role input,CONDITIONAL on role,CPCB,CPCB tyre portal,Registration; monthly information (recycler),OPERATING_DUTY / REGISTRATION (not a project-stage approval),SRC-182,"Sch IX 2, 3, 9",2022-07-21,VERIFIED_CONDITIONAL
EPRS-11,Non-ferrous scrap,producer / importer of used devices or scrap,role input,CONDITIONAL on role,CPCB,CPCB portal (r.50),Registration (r.52); EPR per Sch XI,OPERATING_DUTY / REGISTRATION (not a project-stage approval),SRC-183,r.2(o); r.45; r.52,2026-04-01,VERIFIED_CONDITIONAL
EPRS-12,Non-ferrous scrap,manufacturer / collection agent / refurbisher / recycler,role input,CONDITIONAL on role,CPCB,CPCB portal,Registration (r.45); recycler duties (r.55),OPERATING_DUTY / REGISTRATION (not a project-stage approval),SRC-183,r.45; r.55,2026-04-01,VERIFIED_CONDITIONAL
EPRS-13,ALL,synthetic organic chemical manufacturer (no role facts),none,INSUFFICIENT_DATA - chemical manufacturing alone never triggers EPR,-,-,-,OPERATING_DUTY / REGISTRATION (not a project-stage approval),SRC-159;SRC-182;SRC-183,role definitions,-,VERIFIED
