component,policy_basis,implementation_instrument,instrument_found,status,reason,source_ids,v4_status
SGST-linked Industrial Promotion Subsidy,IISP 2025 (policy),PSI under IISP 2025 / scheme guidelines,NO,DO_NOT_IMPLEMENT_YET,No operative implementation instrument verified; do not compute amounts from policy,SRC-061;SRC-074,POLICY_ONLY
Electricity duty exemption,IISP 2025 (policy),PSI under IISP 2025 / scheme guidelines,NO,DO_NOT_IMPLEMENT_YET,No operative implementation instrument verified; do not compute amounts from policy,SRC-061;SRC-074,POLICY_ONLY
Power tariff subsidy,IISP 2025 (policy),PSI under IISP 2025 / scheme guidelines,NO,DO_NOT_IMPLEMENT_YET,No operative implementation instrument verified; do not compute amounts from policy,SRC-061;SRC-074,POLICY_ONLY
Capital subsidy,IISP 2025 (policy),PSI under IISP 2025 / scheme guidelines,NO,DO_NOT_IMPLEMENT_YET,No operative implementation instrument verified; do not compute amounts from policy,SRC-061;SRC-074,POLICY_ONLY
Interest subsidy,IISP 2025 (policy),PSI under IISP 2025 / scheme guidelines,NO,DO_NOT_IMPLEMENT_YET,No operative implementation instrument verified; do not compute amounts from policy,SRC-061;SRC-074,POLICY_ONLY
Employment/EPF-linked subsidy,IISP 2025 (policy),PSI under IISP 2025 / scheme guidelines,NO,DO_NOT_IMPLEMENT_YET,No operative implementation instrument verified; do not compute amounts from policy,SRC-061;SRC-074,POLICY_ONLY
Stamp duty exemption,IISP 2025 (policy),PSI under IISP 2025 / scheme guidelines,NO,DO_NOT_IMPLEMENT_YET,No operative implementation instrument verified; do not compute amounts from policy,SRC-061;SRC-074,POLICY_ONLY
Large/Mega/Special-large packages,IISP 2025 (policy),PSI under IISP 2025 / scheme guidelines,NO,DO_NOT_IMPLEMENT_YET,No operative implementation instrument verified; do not compute amounts from policy,SRC-061;SRC-074,POLICY_ONLY
Eligibility certificate,IISP 2025 (policy),PSI under IISP 2025 / scheme guidelines,NO,DO_NOT_IMPLEMENT_YET,No operative implementation instrument verified; do not compute amounts from policy,SRC-061;SRC-074,POLICY_ONLY
Claim certificate,IISP 2025 (policy),PSI under IISP 2025 / scheme guidelines,NO,DO_NOT_IMPLEMENT_YET,No operative implementation instrument verified; do not compute amounts from policy,SRC-061;SRC-074,POLICY_ONLY
PSI 2019 (legacy/transition),PSI 2019 GR 16-09-2019 + 2025 corrigendum,PSI 2019,YES,REQUIRES_OFFICIAL_CONFIRMATION,Applicability to new applications after 31-03-2024 unresolved (CON-018),SRC-125;SRC-126,TRANSITIONAL
Taluka/zone classification (IISP Annexure I),IISP 2025,Annexure I,YES,VERIFIED_CONDITIONAL,Classification lookup only; no value computed,SRC-061,POLICY_ONLY (classification lookup)
"Sector packages (thrust sector 'Pharmaceutical, Chemicals, Polymers')",IISP 2025 (policy),PSI under IISP 2025,NO,DO_NOT_IMPLEMENT_YET,Thrust-sector recognition only (INC-001); no package instrument found,SRC-061;SRC-074,POLICY_ONLY
PSI 2025 / Package Scheme under IISP 2025 (instrument),IISP 2025 (policy),PSI under IISP 2025,NO,DO_NOT_IMPLEMENT_YET,"Not located on MAITRI GR page, Industries GR page or web search on 26-09-2026; absence not asserted",SRC-061;SRC-074,UNKNOWN
