item_id,item,osh_code_provision,central_rules_2026,mh_rule_required,mh_rule_status,saved_pre_code_instrument,current_mh_service,classification,implementation_status,source_ids
LAB-01,Factory threshold,s.2(1)(w): 20 with power / 40 without; State pre-Code number prevails per proviso,No separate rule,No,-,Factories Act s.2(m) numbers (UNK-029),DISH registration & licence,CURRENT_OPERATIVE,R-022 REQUIRES_OFFICIAL_CONFIRMATION (proviso),SRC-081;SRC-030
LAB-02,Hazardous process,s.2(1) definition + First Schedule; s.81 notification may apply Code irrespective of numbers,-,Notifications,-,Factories Act s.85 notifications saved by s.143 if not contrary,-,TRANSITIONAL_SAVED,F-LAB-07 input fact,SRC-081
LAB-03,Safety officer,s.22(2): >=500 workers; >=250 in hazardous process,-,Qualifications/duties by rules,MH draft,"MFR 1963 safety officer rules (saved, if not contrary)",-,CURRENT_OPERATIVE (threshold) / TRANSITIONAL_SAVED (duties),R-070 VERIFIED_CONDITIONAL,SRC-081
LAB-04,Factory plan approval,s.79: State Government rules on plans/site permission; deemed if no order within prescribed period (<=30 d); appeal 30 d,Not for State-sphere factories,Yes,OSH (Factories and Other Ports) Rules 2026 - DRAFT,MFR 1963 plan approval rule (saved),DISH 'Approval of factory plan' 30 d citing Factories Act,TRANSITIONAL_SAVED + PORTAL_LEGACY,APR-015 VERIFIED_CONDITIONAL; SLA portal-only,SRC-081;SRC-025;SRC-136
LAB-05,Factory licence,s.79 licence per State rules,No factory licence rule in Central Rules,Yes,DRAFT,MFR 1963 licensing (saved),DISH licence MAH/hazardous 30 d; other 7 d (PORTAL_LEGACY),TRANSITIONAL_SAVED + PORTAL_LEGACY,APR-016 VERIFIED_CONDITIONAL,SRC-081;SRC-111;SRC-136
LAB-06,Establishment registration,s.3: register within 60 d; deemed registration; changes 30 d; closure 30 d; s.3(8) existing registrations deemed,r.3 Form I/III on Shram Suvidha (Central sphere),Yes (procedure),DRAFT (OSH (Labour) Rules 2026),-,GoM circular 30-04-2026 on registration (T5-hosted copy),CURRENT_OPERATIVE (duty) / UNKNOWN (MH procedure),R-024 VERIFIED_CONDITIONAL; procedure REQUIRES_OFFICIAL_CONFIRMATION,SRC-081;SRC-111;SRC-027
LAB-07,Principal employer registration (contract labour),Covered by s.3 registration; Chapter XI applies >=50 contract labour (s.45),r.3; r.4 Form VI commencement notice 30 d (Central sphere),Yes,DRAFT,CLRA 1970 rules (saved if not contrary),Labour Commissioner 'Registration Certificate to Principal Employer under CLRA 1970' 7 d,CURRENT_OPERATIVE (threshold) / PORTAL_LEGACY (service),R-026 VERIFIED_CONDITIONAL,SRC-081;SRC-136
LAB-08,Contractor licence,s.47 with s.119: contractor engaging >=50,Central sphere rules,Yes,DRAFT,CLRA rules (saved),Labour Commissioner 'License to Contractor under CLRA 1970' 7 d,CURRENT_OPERATIVE (threshold) / PORTAL_LEGACY,R-027 VERIFIED_CONDITIONAL,SRC-081;SRC-136
LAB-09,BOCW,s.2(1)(h) definition excludes construction related to factory/mine and own residence <= Rs 50 lakh; establishment >=10 workers,Central sphere,Yes,DRAFT,BOCW 1996 MH rules (saved),Labour Commissioner 'Registration of establishment under BOCW Act 1996' 7 d,UNKNOWN (factory-construction exclusion),R-090 REQUIRES_OFFICIAL_CONFIRMATION,SRC-081;SRC-136
LAB-10,ISMW,s.59: >=10 inter-State migrant workers,Central sphere,Yes,DRAFT,ISMW 1979 rules (saved),Labour Commissioner ISMW service 15 d,CURRENT_OPERATIVE (threshold) / PORTAL_LEGACY,R-089 VERIFIED_CONDITIONAL,SRC-081;SRC-136
LAB-11,Accident reporting,Code duty to notify (form/time prescribed),r.7 Form XI; 12 h (Central sphere),Yes,DRAFT,MFR 1963 accident notice (saved),-,TRANSITIONAL_SAVED,CMP-017 DO_NOT_IMPLEMENT_YET (MH timing),SRC-081;SRC-111
LAB-12,Safety audit,Not extracted from Code in this pass,-,-,-,MFR provisions not verified,-,UNKNOWN,MSIHC audit is a separate environmental-rules obligation (CMP-010),SRC-081
LAB-13,Annual returns,s.33 registers/returns as prescribed,r.72/74 Form XVII by 28/29 Feb (Central sphere),Yes,DRAFT,MFR 1963 returns (saved),-,TRANSITIONAL_SAVED,CMP-013 REQUIRES_OFFICIAL_CONFIRMATION,SRC-081;SRC-111
LAB-14,Medical examination,s.6(1)(c) annual health examination as prescribed; s.85 hazardous process: before assignment and <=12 months,r. on annual health exam (specified establishments),For s.6 details,DRAFT,MFR medical provisions (saved),-,CURRENT_OPERATIVE (s.85),CMP-027 VERIFIED_CONDITIONAL,SRC-081;SRC-111
LAB-15,Hazardous-process duties,"s.83 site appraisal committee (30 d); s.84 disclosure, on-site plan approved by CIF, inform CIF 30 d before start; s.87 emergency standards; s.88 exposure limits (State)",-,s.87/88 standards,DRAFT,MFR Schedules (saved),-,CURRENT_OPERATIVE,CMP-026 VERIFIED_CONDITIONAL,SRC-081
