item,classification,instrument,evidence,source_ids
OSH Code 2020 (all provisions),CURRENT OPERATIVE LAW,S.O.5321(E) 21-11-2025,Whole Code in force from 21-11-2025,SRC-080;SRC-081
"Factories Act 1948, CLRA 1970, BOCW 1996, ISMW 1979 rules/notifications",TRANSITIONAL-SAVED,OSH s.143 repeal & savings,Repealed; rules/actions saved (inference as to which remain),SRC-021;SRC-081
Maharashtra Factories Rules 1963 services (DISH RTS),PORTAL LEGACY SERVICE,DISH RTS page (01-09-2026),Services still cite Factories Act/MFR 1963,SRC-088
Maharashtra OSH (Factories and Other Ports) Rules 2026,DRAFT,Labour Dept notifications 06-05-2026,Draft; no final rules listed (page updated 01-09-2026),SRC-109
Maharashtra OSH (Labour) Rules 2026,DRAFT,Labour Dept notifications 06-05-2026,Draft,SRC-109
OSH (Central) Rules 2026 (G.S.R. 345(E)),REQUIRES_OFFICIAL_CONFIRMATION,Reported by secondary source only,Tier-1 text not read; applies to central-sphere establishments,SRC-022
GoM circular 30-04-2026 on registration of establishments,REQUIRES_OFFICIAL_CONFIRMATION,Copy on private site (T5 host),Official copy not located,SRC-027
"OSH s.3 registration, s.10 accident notice, s.22 safety officers, s.45 contract labour",CURRENT OPERATIVE LAW (procedure/time limits DRAFT in MH),OSH Code,Sections read,SRC-081
MH OSH (Factories and Other Ports) Rules 2026 and MH OSH (Labour) Rules 2026 - status on 26-09-2026,DRAFT (no final notification listed),State draft rules dated 06-05-2026,Labour Dept notifications page lists only draft rules (rows 3-4),SRC-185
