approval_id,approval,listed_on_MAITRI,service_name,MAITRI_service_id,submission_channel,upload_capability,status_tracking,API_status,external_portal,integration_evidence,source,effective_date
APR-001,Prior Environmental Clearance - Schedule item 5(f) Synthetic organic c,UNKNOWN,UNKNOWN,UNKNOWN,UNKNOWN,UNKNOWN,UNKNOWN,UNKNOWN,POR-001,None beyond v3 SOURCE,SRC-076;SRC-142,UNKNOWN
APR-002,Prior EC - item 5(e) Petrochemical based processing,UNKNOWN,UNKNOWN,UNKNOWN,UNKNOWN,UNKNOWN,UNKNOWN,UNKNOWN,UNKNOWN,None beyond v3 SOURCE,-;SRC-142,UNKNOWN
APR-003,Prior EC - item 8(a) Building & construction,UNKNOWN,UNKNOWN,UNKNOWN,UNKNOWN,UNKNOWN,UNKNOWN,UNKNOWN,UNKNOWN,None beyond v3 SOURCE,-;SRC-142,UNKNOWN
APR-004,Prior EC - item 8(b) Township & area development,UNKNOWN,UNKNOWN,UNKNOWN,UNKNOWN,UNKNOWN,UNKNOWN,UNKNOWN,UNKNOWN,None beyond v3 SOURCE,-;SRC-142,UNKNOWN
APR-005,"EC for industrial estate - item 7(c) (estate developer, not unit)",UNKNOWN,UNKNOWN,UNKNOWN,UNKNOWN,UNKNOWN,UNKNOWN,UNKNOWN,UNKNOWN,None beyond v3 SOURCE,-;SRC-142,UNKNOWN
APR-006,Prior EC - item 5(b) Pesticides industry & technical,UNKNOWN,UNKNOWN,UNKNOWN,UNKNOWN,UNKNOWN,UNKNOWN,UNKNOWN,UNKNOWN,None beyond v3 SOURCE,-;SRC-142,UNKNOWN
APR-007,Prior EC - item 5(h) Integrated paint industry,UNKNOWN,UNKNOWN,UNKNOWN,UNKNOWN,UNKNOWN,UNKNOWN,UNKNOWN,UNKNOWN,None beyond v3 SOURCE,-;SRC-142,UNKNOWN
APR-008,Consent to Establish (Water & Air Acts),LISTED_AS_INTEGRATED (SRC-070),UNKNOWN,UNKNOWN,UNKNOWN,UNKNOWN,UNKNOWN (authenticated MPCB-MAITRI API documented; sync scope not verified),AUTHENTICATED_API,POR-002,None beyond v3 SOURCE,SRC-070;SRC-071;SRC-142,UNKNOWN
APR-009,Consent to Operate (Water & Air Acts),LISTED_AS_INTEGRATED (SRC-070),UNKNOWN,UNKNOWN,UNKNOWN,UNKNOWN,UNKNOWN (authenticated MPCB-MAITRI API documented; sync scope not verified),AUTHENTICATED_API,POR-002,None beyond v3 SOURCE,SRC-070;SRC-142,UNKNOWN
APR-010,Hazardous waste authorisation (Form 1 -> Form 2),LISTED_AS_INTEGRATED (SRC-070),UNKNOWN,UNKNOWN,UNKNOWN,UNKNOWN,UNKNOWN (authenticated MPCB-MAITRI API documented; sync scope not verified),AUTHENTICATED_API,POR-002,None beyond v3 SOURCE,SRC-070;SRC-071;SRC-142,UNKNOWN
APR-011,Integrated consent + HW authorisation (2026 amendment model),UNKNOWN,UNKNOWN,UNKNOWN,UNKNOWN,UNKNOWN,UNKNOWN,UNKNOWN,UNKNOWN,None beyond v3 SOURCE,-;SRC-142,UNKNOWN
APR-012,MSIHC - notification of site / safety report / on-site emergency plan,UNKNOWN,UNKNOWN,UNKNOWN,UNKNOWN,UNKNOWN,UNKNOWN,UNKNOWN,-,None beyond v3 SOURCE,-;SRC-142,UNKNOWN
APR-013,Maharashtra Factories (Control of Industrial Major Accident Hazards) R,UNKNOWN,UNKNOWN,UNKNOWN,UNKNOWN,UNKNOWN,UNKNOWN,UNKNOWN,UNKNOWN,None beyond v3 SOURCE,-;SRC-142,UNKNOWN
APR-015,Factory plan approval,LISTED_AS_INTEGRATED (SRC-070),UNKNOWN,UNKNOWN,UNKNOWN,UNKNOWN,UNKNOWN,UNKNOWN,POR-004,None beyond v3 SOURCE,SRC-070;SRC-142,UNKNOWN
APR-016,Factory registration & licence (MAH/Hazardous vs other),LISTED_AS_INTEGRATED (SRC-070),UNKNOWN,UNKNOWN,UNKNOWN,UNKNOWN,UNKNOWN,UNKNOWN,POR-004,None beyond v3 SOURCE,SRC-070;SRC-142,UNKNOWN
APR-017,Registration of establishment under OSH Code s.3,UNKNOWN,UNKNOWN,UNKNOWN,UNKNOWN,UNKNOWN,UNKNOWN,UNKNOWN,UNKNOWN,None beyond v3 SOURCE,-;SRC-142,UNKNOWN
APR-018,Shops & Establishments intimation (<10 workers),LISTED_AS_INTEGRATED (SRC-070),UNKNOWN,UNKNOWN,UNKNOWN,UNKNOWN,UNKNOWN,UNKNOWN,POR-005,None beyond v3 SOURCE,SRC-070;SRC-142,UNKNOWN
APR-019,Contract labour - principal employer registration,UNKNOWN,UNKNOWN,UNKNOWN,UNKNOWN,UNKNOWN,UNKNOWN,UNKNOWN,POR-005,None beyond v3 SOURCE,SRC-070;SRC-142,UNKNOWN
APR-020,Contractor licence,LISTED_AS_INTEGRATED (SRC-070),UNKNOWN,UNKNOWN,UNKNOWN,UNKNOWN,UNKNOWN,UNKNOWN,POR-005,None beyond v3 SOURCE,SRC-070;SRC-142,UNKNOWN
APR-021,BOCW establishment registration (construction phase),LISTED_AS_INTEGRATED (SRC-070),UNKNOWN,UNKNOWN,UNKNOWN,UNKNOWN,UNKNOWN,UNKNOWN,POR-005,None beyond v3 SOURCE,SRC-070;SRC-142,UNKNOWN
APR-022,Inter-State Migrant Workmen registration/licence,LISTED_AS_INTEGRATED (SRC-070),UNKNOWN,UNKNOWN,UNKNOWN,UNKNOWN,UNKNOWN,UNKNOWN,POR-005,None beyond v3 SOURCE,SRC-070;SRC-142,UNKNOWN
APR-023,Boiler registration,UNKNOWN,UNKNOWN,UNKNOWN,UNKNOWN,UNKNOWN,UNKNOWN,UNKNOWN,POR-006,None beyond v3 SOURCE,SRC-070;SRC-142,UNKNOWN
APR-026,Petroleum storage licence (Form XII/XIII District Authority; Form XV/X,UNKNOWN,UNKNOWN,UNKNOWN,UNKNOWN,UNKNOWN,UNKNOWN,PUBLIC_API_NOT_FOUND,POR-007,None beyond v3 SOURCE,-;SRC-142,UNKNOWN
APR-027,Gas cylinder storage licence (Form F),UNKNOWN,UNKNOWN,UNKNOWN,UNKNOWN,UNKNOWN,UNKNOWN,UNKNOWN,UNKNOWN,None beyond v3 SOURCE,-;SRC-142,UNKNOWN
APR-028,SMPV(U) licence (LS-1A) and prior approval,UNKNOWN,UNKNOWN,UNKNOWN,UNKNOWN,UNKNOWN,UNKNOWN,UNKNOWN,UNKNOWN,None beyond v3 SOURCE,-;SRC-142,UNKNOWN
APR-029,MIDC plot allotment,LISTED_AS_INTEGRATED (SRC-070),UNKNOWN,UNKNOWN,UNKNOWN,UNKNOWN,UNKNOWN,UNKNOWN,POR-008,None beyond v3 SOURCE,SRC-070;SRC-142,UNKNOWN
APR-030,MIDC combined building permission + provisional fire NOC,UNKNOWN,UNKNOWN,UNKNOWN,UNKNOWN,UNKNOWN,UNKNOWN,UNKNOWN,POR-008,None beyond v3 SOURCE,SRC-057;SRC-142,UNKNOWN
APR-031,MIDC plinth / commencement e-intimation,UNKNOWN,UNKNOWN,UNKNOWN,UNKNOWN,UNKNOWN,UNKNOWN,UNKNOWN,UNKNOWN,None beyond v3 SOURCE,-;SRC-142,UNKNOWN
APR-032,MIDC occupancy certificate,UNKNOWN,UNKNOWN,UNKNOWN,UNKNOWN,UNKNOWN,UNKNOWN,UNKNOWN,UNKNOWN,None beyond v3 SOURCE,-;SRC-142,UNKNOWN
APR-033,MIDC final fire NOC,UNKNOWN,UNKNOWN,UNKNOWN,UNKNOWN,UNKNOWN,UNKNOWN,UNKNOWN,UNKNOWN,None beyond v3 SOURCE,-;SRC-142,UNKNOWN
APR-034,MIDC water connection,UNKNOWN,UNKNOWN,UNKNOWN,UNKNOWN,UNKNOWN,UNKNOWN,UNKNOWN,UNKNOWN,None beyond v3 SOURCE,-;SRC-142,UNKNOWN
APR-035,MIDC drainage connection,UNKNOWN,UNKNOWN,UNKNOWN,UNKNOWN,UNKNOWN,UNKNOWN,UNKNOWN,UNKNOWN,None beyond v3 SOURCE,-;SRC-142,UNKNOWN
APR-036,MIDC tree felling permission,UNKNOWN,UNKNOWN,UNKNOWN,UNKNOWN,UNKNOWN,UNKNOWN,UNKNOWN,UNKNOWN,None beyond v3 SOURCE,-;SRC-142,UNKNOWN
APR-037,MIDC change in manufacturing activity,UNKNOWN,UNKNOWN,UNKNOWN,UNKNOWN,UNKNOWN,UNKNOWN,UNKNOWN,UNKNOWN,None beyond v3 SOURCE,-;SRC-142,UNKNOWN
APR-038,Building/development permission (non-MIDC planning authority),UNKNOWN,UNKNOWN,UNKNOWN,UNKNOWN,UNKNOWN,UNKNOWN,UNKNOWN,ULB portal / IWBP,None beyond v3 SOURCE,SRC-070;SRC-142,UNKNOWN
APR-039,Provisional fire NOC (non-MIDC),LISTED_AS_INTEGRATED (SRC-070),UNKNOWN,UNKNOWN,UNKNOWN,UNKNOWN,UNKNOWN,UNKNOWN,ULB,None beyond v3 SOURCE,SRC-070;SRC-142,UNKNOWN
APR-040,Final fire NOC (non-MIDC),UNKNOWN,UNKNOWN,UNKNOWN,UNKNOWN,UNKNOWN,UNKNOWN,UNKNOWN,UNKNOWN,None beyond v3 SOURCE,-;SRC-142,UNKNOWN
APR-041,Occupancy certificate (non-MIDC),UNKNOWN,UNKNOWN,UNKNOWN,UNKNOWN,UNKNOWN,UNKNOWN,UNKNOWN,UNKNOWN,None beyond v3 SOURCE,-;SRC-142,UNKNOWN
APR-042,"Tree felling permission (urban, non-MIDC)",LISTED_AS_INTEGRATED (SRC-070),UNKNOWN,UNKNOWN,UNKNOWN,UNKNOWN,UNKNOWN,UNKNOWN,-,None beyond v3 SOURCE,SRC-070;SRC-142,UNKNOWN
APR-043,CGWA NOC - groundwater abstraction,UNKNOWN,UNKNOWN,UNKNOWN,UNKNOWN,UNKNOWN,UNKNOWN,PUBLIC_API_NOT_FOUND,POR-010,None beyond v3 SOURCE,-;SRC-142,UNKNOWN
APR-044,CGWA NOC - dewatering during construction,UNKNOWN,UNKNOWN,UNKNOWN,UNKNOWN,UNKNOWN,UNKNOWN,UNKNOWN,UNKNOWN,None beyond v3 SOURCE,-;SRC-142,UNKNOWN
APR-045,New electricity connection,LISTED_AS_INTEGRATED (SRC-070),UNKNOWN,UNKNOWN,UNKNOWN,UNKNOWN,UNKNOWN,UNKNOWN,POR-011,None beyond v3 SOURCE,SRC-070;SRC-142,UNKNOWN
APR-046,Electrical installation approval / energisation,LISTED_AS_INTEGRATED (SRC-070),UNKNOWN,UNKNOWN,UNKNOWN,UNKNOWN,UNKNOWN,UNKNOWN,POR-012,None beyond v3 SOURCE,SRC-070;SRC-142,UNKNOWN
APR-047,Lift erection permission and lift licence,LISTED_AS_INTEGRATED (SRC-070),UNKNOWN,UNKNOWN,UNKNOWN,UNKNOWN,UNKNOWN,UNKNOWN,POR-012,None beyond v3 SOURCE,SRC-070;SRC-142,UNKNOWN
APR-048,Legal Metrology packer registration,LISTED_AS_INTEGRATED (SRC-070),UNKNOWN,UNKNOWN,UNKNOWN,UNKNOWN,UNKNOWN,UNKNOWN,POR-014,None beyond v3 SOURCE,SRC-070;SRC-142,UNKNOWN
APR-049,AAI height clearance NOC,UNKNOWN,UNKNOWN,UNKNOWN,UNKNOWN,UNKNOWN,UNKNOWN,UNKNOWN,UNKNOWN,None beyond v3 SOURCE,-;SRC-142,UNKNOWN
APR-050,CETP membership / discharge arrangement,UNKNOWN,UNKNOWN,UNKNOWN,UNKNOWN,UNKNOWN,UNKNOWN,UNKNOWN,UNKNOWN,None beyond v3 SOURCE,-;SRC-142,UNKNOWN
APR-051,Permission to draw water from river/public tanks,LISTED_AS_INTEGRATED (SRC-070),UNKNOWN,UNKNOWN,UNKNOWN,UNKNOWN,UNKNOWN,UNKNOWN,-,None beyond v3 SOURCE,SRC-070;SRC-142,UNKNOWN
APR-052,EC for expansion / no-increase-in-pollution-load exemption,UNKNOWN,UNKNOWN,UNKNOWN,UNKNOWN,UNKNOWN,UNKNOWN,UNKNOWN,UNKNOWN,None beyond v3 SOURCE,-;SRC-142,UNKNOWN
APR-053,MPCB consent amendment vs fresh consent,UNKNOWN,UNKNOWN,UNKNOWN,UNKNOWN,UNKNOWN,UNKNOWN,UNKNOWN,UNKNOWN,None beyond v3 SOURCE,-;SRC-142,UNKNOWN
APR-054,HW utilisation authorisation (rule 9),UNKNOWN,UNKNOWN,UNKNOWN,UNKNOWN,UNKNOWN,UNKNOWN,UNKNOWN,UNKNOWN,None beyond v3 SOURCE,-;SRC-142,UNKNOWN
FAC-001,"MAITRI single-window submission (CAF) - FACILITATION, not an approval",UNKNOWN,UNKNOWN,UNKNOWN,UNKNOWN,UNKNOWN,UNKNOWN,UNKNOWN,UNKNOWN,None beyond v3 SOURCE,-;SRC-142,UNKNOWN
APR-055,Insecticide manufacturing licence,UNKNOWN,UNKNOWN,UNKNOWN,UNKNOWN,UNKNOWN,UNKNOWN,UNKNOWN,UNKNOWN,None beyond v3 SOURCE,-;SRC-142,UNKNOWN
APR-056,Drug (bulk drug/API) manufacturing licence,UNKNOWN,UNKNOWN,UNKNOWN,UNKNOWN,UNKNOWN,UNKNOWN,UNKNOWN,UNKNOWN,None beyond v3 SOURCE,-;SRC-142,UNKNOWN
APR-057,NCB registration - controlled substances (Schedule A),UNKNOWN,UNKNOWN,UNKNOWN,UNKNOWN,UNKNOWN,UNKNOWN,UNKNOWN,UNKNOWN,None beyond v3 SOURCE,-;SRC-142,UNKNOWN
APR-058,CWC declarations (initial/annual) to NACWC,UNKNOWN,UNKNOWN,UNKNOWN,UNKNOWN,UNKNOWN,UNKNOWN,UNKNOWN,UNKNOWN,None beyond v3 SOURCE,-;SRC-142,UNKNOWN
APR-059,Explosives licence (manufacture/possession),UNKNOWN,UNKNOWN,UNKNOWN,UNKNOWN,UNKNOWN,UNKNOWN,UNKNOWN,UNKNOWN,None beyond v3 SOURCE,-;SRC-142,UNKNOWN
APR-060,OSH Code establishment registration - statutory duty (s.3),UNKNOWN,UNKNOWN,UNKNOWN,UNKNOWN,UNKNOWN,UNKNOWN,UNKNOWN,UNKNOWN,None beyond v3 SOURCE,-;SRC-142,UNKNOWN
