approval_id,service,maitri_integrated,decision_authority,external_portal,source_ids,note,record_state,final_status
APR-008,MPCB CTE,YES,AUT-003,POR-002,SRC-070;SRC-071,,ACTIVE,REQUIRES_OFFICIAL_CONFIRMATION
APR-009,MPCB CTO (incl. self-certified renewal),YES,AUT-003,POR-002,SRC-070,,ACTIVE,REQUIRES_OFFICIAL_CONFIRMATION
APR-010,HW authorisation,YES,AUT-003,POR-002,SRC-070;SRC-071,,ACTIVE,REQUIRES_OFFICIAL_CONFIRMATION
APR-015,Factory plan approval,YES,AUT-005,POR-004,SRC-070,,ACTIVE,REQUIRES_OFFICIAL_CONFIRMATION
APR-016,Factory licence / renewal,YES,AUT-005,POR-004,SRC-070,,ACTIVE,REQUIRES_OFFICIAL_CONFIRMATION
APR-018,S&E registration,YES,AUT-006,POR-005,SRC-070,,ACTIVE,REQUIRES_OFFICIAL_CONFIRMATION
APR-019,CLRA principal employer registration,UNKNOWN,AUT-006,POR-005,SRC-070,Only contractor licence listed,ACTIVE,REQUIRES_OFFICIAL_CONFIRMATION
APR-020,CLRA contractor licence / renewal,YES,AUT-006,POR-005,SRC-070,,ACTIVE,REQUIRES_OFFICIAL_CONFIRMATION
APR-021,BOCW registration,YES,AUT-006,POR-005,SRC-070,,ACTIVE,REQUIRES_OFFICIAL_CONFIRMATION
APR-022,ISMW establishment registration,YES,AUT-006,POR-005,SRC-070,,ACTIVE,REQUIRES_OFFICIAL_CONFIRMATION
APR-023,Boiler registration (user),UNKNOWN,AUT-007,POR-006,SRC-070,Only 'boiler manufacturer registration' listed; Boilers dept in department filter (SRC-057),ACTIVE,REQUIRES_OFFICIAL_CONFIRMATION
APR-029,MIDC land allotment,YES,AUT-010,POR-008,SRC-070,,ACTIVE,REQUIRES_OFFICIAL_CONFIRMATION
APR-030,MIDC building permission,UNKNOWN,AUT-010,POR-008,SRC-057,MIDC in department filter; service-level list not retrieved,ACTIVE,REQUIRES_OFFICIAL_CONFIRMATION
APR-038,Building plan approval (ULB),UNKNOWN,AUT-011,ULB portal / IWBP,SRC-070,Online system reported; MAITRI integration not stated,ACTIVE,REQUIRES_OFFICIAL_CONFIRMATION
APR-039,Fire NOC (ULB),YES,AUT-012,ULB,SRC-070,'Fire NOC' integrated under Urban Development 2,ACTIVE,REQUIRES_OFFICIAL_CONFIRMATION
APR-045,Electricity connection - MSEDCL,YES,AUT-015 (MSEDCL only),POR-011,SRC-070,Other licensees UNKNOWN,ACTIVE,REQUIRES_OFFICIAL_CONFIRMATION
APR-046,Electrical safety NOC for load increase,YES,AUT-016,POR-012,SRC-070,New-connection energisation approval not stated,ACTIVE,REQUIRES_OFFICIAL_CONFIRMATION
APR-047,Lift/escalator registration & renewal,YES,AUT-016,POR-012,SRC-070,,ACTIVE,REQUIRES_OFFICIAL_CONFIRMATION
APR-042,Tree felling NOC,YES,AUT-022,-,SRC-070,,ACTIVE,REQUIRES_OFFICIAL_CONFIRMATION
APR-051,Permission to draw water from river/public tanks,YES,AUT-021,-,SRC-070,,ACTIVE,REQUIRES_OFFICIAL_CONFIRMATION
APR-048,Legal Metrology registration/renewal,YES,AUT-019,POR-014,SRC-070,,ACTIVE,REQUIRES_OFFICIAL_CONFIRMATION
APR-001,Environmental Clearance,UNKNOWN (not listed on SRC-070),AUT-001/AUT-002,POR-001,SRC-076,Not listed on MAITRI integration page; treat as external,ACTIVE,REQUIRES_OFFICIAL_CONFIRMATION
APR-026,PESO licences,UNKNOWN,AUT-008,POR-007,-,Central; not listed,ACTIVE,REQUIRES_OFFICIAL_CONFIRMATION
APR-043,CGWA NOC,UNKNOWN,AUT-013,POR-010,-,Central; not listed,ACTIVE,REQUIRES_OFFICIAL_CONFIRMATION
APR-012,MSIHC notifications,UNKNOWN,AUT-005,-,-,,ACTIVE,REQUIRES_OFFICIAL_CONFIRMATION
