item_id,group,band,extinguisher,hose_reel,dry_riser,wet_riser,down_comer,yard_hydrant,sprinkler,manual_alarm,auto_detection,ug_tank_L,terrace_tank_L,pump_near_ug_lpm,terrace_pump_lpm,exact_locator,source_ids,final_status
MFS-OO-G-1-1,G-1,<=500 m2 built-up area,R,NR,NR,NR,NR,NR,NR,NR,NR,NR,NR,NR,NR,"Annexure A page for G-1, columns 3-15 (PDF pages 4-6)",SRC-149,VERIFIED_CONDITIONAL
MFS-OO-G-1-2,G-1,>500-1000 m2 built-up area,R,NR,NR,NR,NR,NR,NR,NR,NR,NR,5000,NR,NR,"Annexure A page for G-1, columns 3-15 (PDF pages 4-6)",SRC-149,VERIFIED_CONDITIONAL
MFS-OO-G-1-3,G-1,>1000-2000 m2 built-up area,R,R,NR,NR,NR,NR,NR,NR,NR,NR,10000,NR,180,"Annexure A page for G-1, columns 3-15 (PDF pages 4-6)",SRC-149,VERIFIED_CONDITIONAL
MFS-OO-G-1-4,G-1,>2000-3000 m2 built-up area,R,R,NR,R,R,NR,R(note1),R,NR,15000(5000;note4),5000,450,180,"Annexure A page for G-1, columns 3-15 (PDF pages 4-6)",SRC-149,VERIFIED_CONDITIONAL
MFS-OO-G-1-5,G-1,>3000-5000 m2 built-up area,R,R,NR,R,R,R,R(note1),R,R,40000(10000;note4),10000(5000;note4),900(note7),450,"Annexure A page for G-1, columns 3-15 (PDF pages 4-6)",SRC-149,VERIFIED_CONDITIONAL
MFS-OO-G-1-6,G-1,>5000 m2 built-up area,R,R,NR,R,R,R,R(note1),R,R,50000(10000;note4),10000(5000;note4),1620(note8),900,"Annexure A page for G-1, columns 3-15 (PDF pages 4-6)",SRC-149,VERIFIED_CONDITIONAL
MFS-OO-G-2-1,G-2,<=500 m2 built-up area,R,R,NR,NR,R,NR,R(note1),NR,NR,NR,"5000(5000;notes1,2,4,5)",NR,180,"Annexure A page for G-2, columns 3-15 (PDF pages 4-6)",SRC-149,VERIFIED_CONDITIONAL
MFS-OO-G-2-2,G-2,>500-1000 m2 built-up area,R,R,NR,NR,R,NR,R(note1),NR,NR,20000(5000;note4),"10000(5000;notes1,2,4,5)",600(note6),180,"Annexure A page for G-2, columns 3-15 (PDF pages 4-6)",SRC-149,VERIFIED_CONDITIONAL
MFS-OO-G-2-3,G-2,>1000-3000 m2 built-up area,R,R,NR,R,R,R,R(note1),R,NR,30000(5000;note4),"10000(5000;notes1,2,4,5)",900(note7),450,"Annexure A page for G-2, columns 3-15 (PDF pages 4-6)",SRC-149,VERIFIED_CONDITIONAL
MFS-OO-G-2-4,G-2,>3000-5000 m2 built-up area,R,R,NR,R,R,R,R(note1),R,R,40000(10000;note4),"10000(5000;notes1,2,4,5)",1620(note8),450,"Annexure A page for G-2, columns 3-15 (PDF pages 4-6)",SRC-149,VERIFIED_CONDITIONAL
MFS-OO-G-2-5,G-2,>5000 m2 built-up area,R,R,NR,R,R,R,R,R,R,60000(10000;note4),"10000(5000;notes1,2,4,5)",2280(note9),450,"Annexure A page for G-2, columns 3-15 (PDF pages 4-6)",SRC-149,VERIFIED_CONDITIONAL
MFS-OO-G-3-1,G-3,<=500 m2 built-up area,R,R,NR,R,R,NR,R(note1),NR,NR,20000(5000;note4),"5000(5000;notes1,2,4,5)",450(note7),"180(notes1,2,4,5)","Annexure A page for G-3, columns 3-15 (PDF pages 4-6)",SRC-149,VERIFIED_CONDITIONAL
MFS-OO-G-3-2,G-3,>500-1000 m2 built-up area,R,R,NR,R,R,R,R(note1),NR,R,50000(5000;note4),"10000(5000;notes1,2,4,5)",1620(note8),"450(notes1,2,4,5)","Annexure A page for G-3, columns 3-15 (PDF pages 4-6)",SRC-149,VERIFIED_CONDITIONAL
MFS-OO-G-3-3,G-3,>1000-3000 m2 built-up area,R,R,NR,R,R,R,R,NR,R,100000,"20000(5000;notes1,2,4,5)",2280(note9),"900(notes1,2,4,5)","Annexure A page for G-3, columns 3-15 (PDF pages 4-6)",SRC-149,VERIFIED_CONDITIONAL
MFS-OO-G-3-4,G-3,>3000 m2 built-up area,R,R,R,R,R,R,R,R,R,150000,"20000(5000;notes1,2,4,5)",2850(note10),"900(notes1,2,4,5)","Annexure A page for G-3, columns 3-15 (PDF pages 4-6)",SRC-149,VERIFIED_CONDITIONAL
