item_id,item,class_or_scope,threshold,requirement_as_printed,exact_locator,engine_note,source_ids,final_status
MFS-OO-G-1-1,Annexure A band,G-1,<=500 m2 built-up area,Extinguisher R; all other installations NR,"Annexure A, Industrial Building (G), G-1 row 1","Band thresholds VERIFIED_CONDITIONAL; per-column cells now in mfs_annexA_cells (visual read of the vector PDF pages 4-6, v5)",SRC-149,VERIFIED_CONDITIONAL
MFS-OO-G-1-2,Annexure A band,G-1,>500-1000 m2 built-up area,"Extinguisher R; terrace tank 5,000 L as printed; others NR","Annexure A, Industrial Building (G), G-1 row 2","Band thresholds VERIFIED_CONDITIONAL; per-column cells now in mfs_annexA_cells (visual read of the vector PDF pages 4-6, v5)",SRC-149,VERIFIED_CONDITIONAL
MFS-OO-G-1-3,Annexure A band,G-1,>1000-2000 m2 built-up area,"Extinguisher R, hose reel R; terrace tank 10,000 L; terrace pump 180 lpm","Annexure A, Industrial Building (G), G-1 row 3","Band thresholds VERIFIED_CONDITIONAL; per-column cells now in mfs_annexA_cells (visual read of the vector PDF pages 4-6, v5)",SRC-149,VERIFIED_CONDITIONAL
MFS-OO-G-1-4,Annexure A band,G-1,>2000-3000 m2 built-up area,"Extinguisher, hose reel, wet riser/yard hydrant, manual alarm as printed; UG tank 15,000 (5,000) L; terrace 5,000 L; pumps 450 / 180 lpm","Annexure A, Industrial Building (G), G-1 row 4","Band thresholds VERIFIED_CONDITIONAL; per-column cells now in mfs_annexA_cells (visual read of the vector PDF pages 4-6, v5)",SRC-149,VERIFIED_CONDITIONAL
MFS-OO-G-1-5,Annexure A band,G-1,>3000-5000 m2 built-up area,"UG tank 40,000 (10,000) L; terrace 10,000 (5,000) L; pumps 900 / 450 lpm; sprinkler per note 1","Annexure A, Industrial Building (G), G-1 row 5","Band thresholds VERIFIED_CONDITIONAL; per-column cells now in mfs_annexA_cells (visual read of the vector PDF pages 4-6, v5)",SRC-149,VERIFIED_CONDITIONAL
MFS-OO-G-1-6,Annexure A band,G-1,>5000 m2 built-up area,"UG tank 50,000 (10,000) L; terrace 10,000 (5,000) L; pumps 1620 / 900 lpm (note 8); diesel standby pump mandatory (note 3)","Annexure A, Industrial Building (G), G-1 row 6","Band thresholds VERIFIED_CONDITIONAL; per-column cells now in mfs_annexA_cells (visual read of the vector PDF pages 4-6, v5)",SRC-149,VERIFIED_CONDITIONAL
MFS-OO-G-2-1,Annexure A band,G-2,<=500 m2 built-up area,"Extinguisher, hose reel R; terrace tank 5,000 (5,000) L; terrace pump 180 lpm","Annexure A, Industrial Building (G), G-2 row 1","Band thresholds VERIFIED_CONDITIONAL; per-column cells now in mfs_annexA_cells (visual read of the vector PDF pages 4-6, v5)",SRC-149,VERIFIED_CONDITIONAL
MFS-OO-G-2-2,Annexure A band,G-2,>500-1000 m2 built-up area,"UG tank 20,000 (5,000) L; terrace 10,000 L; 600 lpm (note 6) / 180 lpm","Annexure A, Industrial Building (G), G-2 row 2","Band thresholds VERIFIED_CONDITIONAL; per-column cells now in mfs_annexA_cells (visual read of the vector PDF pages 4-6, v5)",SRC-149,VERIFIED_CONDITIONAL
MFS-OO-G-2-3,Annexure A band,G-2,>1000-3000 m2 built-up area,"UG tank 30,000 (5,000) L; terrace 10,000 L; 900 lpm (note 7) / 450 lpm; diesel standby pump mandatory above 2000 m2 (note 3)","Annexure A, Industrial Building (G), G-2 row 3","Band thresholds VERIFIED_CONDITIONAL; per-column cells now in mfs_annexA_cells (visual read of the vector PDF pages 4-6, v5)",SRC-149,VERIFIED_CONDITIONAL
MFS-OO-G-2-4,Annexure A band,G-2,>3000-5000 m2 built-up area,"UG tank 40,000 (10,000) L; terrace 10,000 L; 1620 lpm (note 8) / 450 lpm","Annexure A, Industrial Building (G), G-2 row 4","Band thresholds VERIFIED_CONDITIONAL; per-column cells now in mfs_annexA_cells (visual read of the vector PDF pages 4-6, v5)",SRC-149,VERIFIED_CONDITIONAL
MFS-OO-G-2-5,Annexure A band,G-2,>5000 m2 built-up area,"UG tank 60,000 (10,000) L; terrace 10,000 L; 2280 lpm (note 9) / 450 lpm","Annexure A, Industrial Building (G), G-2 row 5","Band thresholds VERIFIED_CONDITIONAL; per-column cells now in mfs_annexA_cells (visual read of the vector PDF pages 4-6, v5)",SRC-149,VERIFIED_CONDITIONAL
MFS-OO-G-3-1,Annexure A band,G-3,<=500 m2 built-up area,"UG tank 20,000 (5,000) L; terrace 5,000 L; 450 lpm (note 7) / 180 lpm; diesel standby mandatory (note 3)","Annexure A, Industrial Building (G), G-3 row 1","Band thresholds VERIFIED_CONDITIONAL; per-column cells now in mfs_annexA_cells (visual read of the vector PDF pages 4-6, v5)",SRC-149,VERIFIED_CONDITIONAL
MFS-OO-G-3-2,Annexure A band,G-3,>500-1000 m2 built-up area,"UG tank 50,000 (5,000) L; terrace 10,000 L; 1620 lpm (note 8) / 450 lpm","Annexure A, Industrial Building (G), G-3 row 2","Band thresholds VERIFIED_CONDITIONAL; per-column cells now in mfs_annexA_cells (visual read of the vector PDF pages 4-6, v5)",SRC-149,VERIFIED_CONDITIONAL
MFS-OO-G-3-3,Annexure A band,G-3,>1000-3000 m2 built-up area,"UG tank 1,00,000 L; terrace 20,000 L; 2280 lpm (note 9) / 900 lpm","Annexure A, Industrial Building (G), G-3 row 3","Band thresholds VERIFIED_CONDITIONAL; per-column cells now in mfs_annexA_cells (visual read of the vector PDF pages 4-6, v5)",SRC-149,VERIFIED_CONDITIONAL
MFS-OO-G-3-4,Annexure A band,G-3,>3000 m2 built-up area,"All listed installations R; UG tank 1,50,000 L; terrace 20,000 L; 2850 lpm (note 10) / 900 lpm","Annexure A, Industrial Building (G), G-3 row 4","Band thresholds VERIFIED_CONDITIONAL; per-column cells now in mfs_annexA_cells (visual read of the vector PDF pages 4-6, v5)",SRC-149,VERIFIED_CONDITIONAL
MFS-OO-00,Order basis,all,-,Invokes Note 14 of Schedule-I (Group G); built-up area replaces plot size; all Local Authorities and SPAs directed to enforce; in force immediately (10-09-2014); authority: Director MFS; interaction: planning authority enforces through its fire approval,paras 2-4,Hazard class and built-up area are INPUT facts (F-BLD-10/F-BLD-11); never derived,SRC-149,VERIFIED
MFS-OO-N1,Note 1,all,basement >200 m2 or height >=15 m,Sprinklers required in basement,Annexure A note 1,Hazard class and built-up area are INPUT facts (F-BLD-10/F-BLD-11); never derived,SRC-149,VERIFIED_CONDITIONAL
MFS-OO-N3,Note 3,G-1 >5000; G-2 >2000; all G-3,area,Diesel-engine standby fire pump mandatory,Annexure A note 3,Hazard class and built-up area are INPUT facts (F-BLD-10/F-BLD-11); never derived,SRC-149,VERIFIED_CONDITIONAL
MFS-OO-N4,Note 4,all,basement >200 m2 / floor plate >1125 m2 / height >=15 m,Add parenthesised water quantity,Annexure A note 4,Hazard class and built-up area are INPUT facts (F-BLD-10/F-BLD-11); never derived,SRC-149,VERIFIED_CONDITIONAL
MFS-OO-A1C,Annexure A-1 C,all,2000 m2,"2000 m2 = single fire compartment; larger buildings may be compartmented by 2-hour fire walls/doors, else whole building complies",Annexure A-1 C,Hazard class and built-up area are INPUT facts (F-BLD-10/F-BLD-11); never derived,SRC-149,VERIFIED_CONDITIONAL
MFS-OO-A1D,Annexure A-1 D,mixed,storage >50%,Mixed occupancy governed by higher protection; entire occupancy treated as godown where storage >50%,Annexure A-1 D,Hazard class and built-up area are INPUT facts (F-BLD-10/F-BLD-11); never derived,SRC-149,VERIFIED_CONDITIONAL
MFS-OO-A1B,Annexure A-1 B,utility,-,Utility blocks excluded unless within/communicating with process/storage buildings,Annexure A-1 B,Hazard class and built-up area are INPUT facts (F-BLD-10/F-BLD-11); never derived,SRC-149,VERIFIED_CONDITIONAL
MFS-OO-CHM-M,Chemical manufacturing - Moderate hazard criterion,"chemicals, dyes, intermediates, pigments, acids, pharma formulation, soap/toilet prep, mixing/blending",flash point <32 C solvents <200 L in process AND no storage >200 L,Only then moderate hazard; manual fire alarm if single largest building >2000 m2; else High hazard,"Annexure A-1, Moderate hazard sheet, 'Chemical Manufacturing'",Hazard class and built-up area are INPUT facts (F-BLD-10/F-BLD-11); never derived,SRC-149,VERIFIED_CONDITIONAL
MFS-OO-CHM-H,Chemical manufacturing - High hazard requirements,same,flash point <32 C chemicals; tanks diameter >=9 m storing Class A/B,"MV spray and/or foam locally for vessels, pumps, compressors, reactors, columns; MV spray/gaseous protection for godowns storing fp <32 C; manual fire alarm for entire unit; tanks >=9 m dia: MV spray + foam with detection; check water-reactivity","Annexure A-1, High hazard sheet, 'Chemical Manufacturing'",Hazard class and built-up area are INPUT facts (F-BLD-10/F-BLD-11); never derived,SRC-149,VERIFIED_CONDITIONAL
MFS-OO-TANK,Tank farms / oil terminals,storage,flash point <=32 C,Automatic MV spray/foam on all tanks,"Annexure A-1, High hazard sheet",Hazard class and built-up area are INPUT facts (F-BLD-10/F-BLD-11); never derived,SRC-149,VERIFIED_CONDITIONAL
MFS-OO-NOTE-12,Annexure A note 12,Sprinkler / detection,-,For sprinkler and fire detection the area in Annexure A-1 should be followed; area in Annexure A = ground or upper floor area of maximum floor plate,"Annexure A notes, note 12 (PDF p.7)",Sprinkler/detection columns of Annexure A are overridden by Annexure A-1 where A-1 covers the process/storage area - engine shows both and flags CONDITIONAL,SRC-149,VERIFIED_CONDITIONAL
