item_id,provision,classification,mpcb_evidence,engine_behaviour,exact_locator,source_ids,effective_date,final_status
GSR-01,"Deemed CTE (MSE in notified industrial estates, on self-certified Form-I)",CENTRAL_LAW,MPCB cover letter: general adherence direction only; no MH procedure/portal step found,CONDITIONAL: F-MSE AND F-LOC notified estate -> DEEMED_CTE_POSSIBLE; procedure UNKNOWN,"Gazette para 6(7), 10(7)",SRC-151,2026-01-27,VERIFIED_CONDITIONAL
GSR-02,Integrated Consent + authorisation (single-step) under Waste Management Rules,CENTRAL_LAW,No MH-specific integration instruction found,Display as central provision; portal integration UNKNOWN,Gazette para 7,SRC-151,2026-01-27,REQUIRES_OFFICIAL_CONFIRMATION
GSR-03,CTO valid until cancelled,CENTRAL_LAW,MPCB directs officers to adhere (cover letter) - PARTIALLY_IMPLEMENTED (direction issued; no MH detail),CTO granted on/after 27-01-2026 -> VALID_TILL_CANCELLED (R-062); earlier CTOs -> UNKNOWN,"Gazette para 4(3), 13",SRC-151,2026-01-27,VERIFIED_CONDITIONAL
GSR-04,One-time fee for CTO covering 5-25 years,CENTRAL_LAW (enabling: 'State Government may determine'),No State Govt fee determination found,Fee amount BLOCKED; UNKNOWN,Gazette para 5(1)-(2),SRC-151,2026-01-27,DO_NOT_IMPLEMENT_YET
GSR-05,Existing CTO treatment,UNKNOWN,No transitional clause in gazette; no MPCB instruction,UNKNOWN (UNK-032),gazette read in full; no clause,SRC-151,-,UNKNOWN
GSR-06,Renewal treatment,CENTRAL_LAW,'renewal' removed from Form II and Part A; para 12 omitted; 'refuse the renewal' omitted from 13(1),New CTO: renewal DOES_NOT_APPLY; existing fixed-term CTO: UNKNOWN,"Gazette para 12, 13(1), Schedule",SRC-151,2026-01-27,VERIFIED_CONDITIONAL
GSR-07,Effective date,CENTRAL_LAW,In force on publication in Official Gazette (notification dated 23-01-2026; e-gazette CG-DL-E-27012026-269608),effective_from = 2026-01-27,Gazette para 1(2),SRC-151,2026-01-27,VERIFIED
GSR-08,Red/Orange/Green applicability,UNKNOWN,No category differentiation found in text read; no MPCB category instruction,Do not branch by category on this provision,gazette text read,SRC-151,-,UNKNOWN
GSR-09,Maharashtra-specific instructions,MPCB_IMPLEMENTED (general direction only),Cover letter 21-04-2026: officers to ensure strict adherence to provisions/timelines/guidelines while processing consent/authorisation/monitoring,No MH-specific values to encode,cover letter p1,SRC-151,2026-04-21,VERIFIED
GSR-10,Portal implementation,CENTRAL_LAW (CPCB portal within 6-12 months; existing arrangement meanwhile; 5% service fee),No evidence of MPCB portal change,Portal capability UNKNOWN,Gazette para 16,SRC-151,2026-01-27,UNKNOWN
GSR-11,Expansion/amendment CTO timelines 90/60/30 days,CENTRAL_LAW,column headings unresolved (UNK-031),Use only with category mapping confirmed,Gazette para 8 table,SRC-151,2026-01-27,REQUIRES_OFFICIAL_CONFIRMATION
