row_id,category,consent_type,central_outer_limit_days,central_limit_type,mpcb_revised_limit,mpcb_unit,mpcb_timeline_type,clock_start,supersession,effective_date,interaction_gsr62_63,category_mapping,source_ids,exact_locator,final_status
MCT-G-CTE,Green,CTE,30,LEGAL (central; as recited) - REQUIRES_OFFICIAL_CONFIRMATION,15,WORKING_DAYS,ADMINISTRATIVE,UNKNOWN,Supersedes MPCB circular 28-04-2025 (penal-fee provisions retained),2026-02-23,Not addressed by circular,INPUT (never inferred),SRC-008,p.2 table,VERIFIED_CONDITIONAL
MCT-G-CTO,Green,CTO,30,LEGAL (central; as recited) - REQUIRES_OFFICIAL_CONFIRMATION,15,WORKING_DAYS,ADMINISTRATIVE,UNKNOWN,Supersedes MPCB circular 28-04-2025 (penal-fee provisions retained),2026-02-23,Not addressed by circular,INPUT (never inferred),SRC-008,p.2 table,VERIFIED_CONDITIONAL
MCT-G-Renewal,Green,Renewal,30,LEGAL (central; as recited) - REQUIRES_OFFICIAL_CONFIRMATION,15,WORKING_DAYS,ADMINISTRATIVE,UNKNOWN,Supersedes MPCB circular 28-04-2025 (penal-fee provisions retained),2026-02-23,Not addressed by circular,INPUT (never inferred),SRC-008,p.2 table,VERIFIED_CONDITIONAL
MCT-O-CTE,Orange,CTE,45,LEGAL (central; as recited) - REQUIRES_OFFICIAL_CONFIRMATION,24,WORKING_DAYS,ADMINISTRATIVE,UNKNOWN,Supersedes MPCB circular 28-04-2025 (penal-fee provisions retained),2026-02-23,Not addressed by circular,INPUT (never inferred),SRC-008,p.2 table,VERIFIED_CONDITIONAL
MCT-O-CTO,Orange,CTO,60,LEGAL (central; as recited) - REQUIRES_OFFICIAL_CONFIRMATION,24,WORKING_DAYS,ADMINISTRATIVE,UNKNOWN,Supersedes MPCB circular 28-04-2025 (penal-fee provisions retained),2026-02-23,Not addressed by circular,INPUT (never inferred),SRC-008,p.2 table,VERIFIED_CONDITIONAL
MCT-O-Renewal,Orange,Renewal,60,LEGAL (central; as recited) - REQUIRES_OFFICIAL_CONFIRMATION,24,WORKING_DAYS,ADMINISTRATIVE,UNKNOWN,Supersedes MPCB circular 28-04-2025 (penal-fee provisions retained),2026-02-23,Not addressed by circular,INPUT (never inferred),SRC-008,p.2 table,VERIFIED_CONDITIONAL
MCT-R-CTE,Red,CTE,60,LEGAL (central; as recited) - REQUIRES_OFFICIAL_CONFIRMATION,40,WORKING_DAYS,ADMINISTRATIVE,UNKNOWN,Supersedes MPCB circular 28-04-2025 (penal-fee provisions retained),2026-02-23,Not addressed by circular,INPUT (never inferred),SRC-008,p.2 table,VERIFIED_CONDITIONAL
MCT-R-CTO,Red,CTO,90,LEGAL (central; as recited) - REQUIRES_OFFICIAL_CONFIRMATION,40,WORKING_DAYS,ADMINISTRATIVE,UNKNOWN,Supersedes MPCB circular 28-04-2025 (penal-fee provisions retained),2026-02-23,Not addressed by circular,INPUT (never inferred),SRC-008,p.2 table,VERIFIED_CONDITIONAL
MCT-R-Renewal,Red,Renewal,120,LEGAL (central; as recited) - REQUIRES_OFFICIAL_CONFIRMATION,40,WORKING_DAYS,ADMINISTRATIVE,UNKNOWN,Supersedes MPCB circular 28-04-2025 (penal-fee provisions retained),2026-02-23,Not addressed by circular,INPUT (never inferred),SRC-008,p.2 table,VERIFIED_CONDITIONAL
MCT-X-9,Blue / White / other,any,see SLA-036 (expansion) / UNKNOWN,-,NOT ADDRESSED,-,-,UNKNOWN,-,-,Not addressed,INPUT,SRC-008,whole circular (silent),UNKNOWN
MCT-X-10,any,Expansion / amendment consent,see SLA-036 (expansion) / UNKNOWN,-,NOT ADDRESSED,-,-,UNKNOWN,-,-,Not addressed,INPUT,SRC-008,whole circular (silent),UNKNOWN
