entry_id,chemical,col3_value,col4_value,amending_instrument,effective_date,effective_date_status,temporal_answer,verification_class,exact_locator,source_ids,final_status
S1-FG,Flammable gas,gas at 20 C and 101.3 kPa: ignitable in mixture <=13% by vol,-,S.O. 57(E) (2000),2000-01-20,PUBLICATION_DATE,"applies to any date on/after effective date; no later amendment identified (MSIHC-AM-5, VERIFIED_CONDITIONAL)",VERIFIED_PRIMARY_GAZETTE,Sch 1 Part I (b),SRC-156;SRC-157;SRC-155,VERIFIED
S1-EFL,Extremely flammable liquid,flash point <=23 C AND boiling point <35 C,-,S.O. 57(E) (2000),2000-01-20,PUBLICATION_DATE,"applies to any date on/after effective date; no later amendment identified (MSIHC-AM-5, VERIFIED_CONDITIONAL)",VERIFIED_PRIMARY_GAZETTE,Sch 1 Part I (b),SRC-156;SRC-157;SRC-155,VERIFIED
S1-VHFL,Very highly flammable liquid,flash point <=23 C AND initial boiling point >35 C,-,S.O. 57(E) (2000),2000-01-20,PUBLICATION_DATE,"applies to any date on/after effective date; no later amendment identified (MSIHC-AM-5, VERIFIED_CONDITIONAL)",VERIFIED_PRIMARY_GAZETTE,Sch 1 Part I (b),SRC-156;SRC-157;SRC-155,VERIFIED
S1-HFL,Highly flammable liquid,23 C < flash point <=60 C,-,S.O. 57(E) (2000),2000-01-20,PUBLICATION_DATE,"applies to any date on/after effective date; no later amendment identified (MSIHC-AM-5, VERIFIED_CONDITIONAL)",VERIFIED_PRIMARY_GAZETTE,Sch 1 Part I (b),SRC-156;SRC-157;SRC-155,VERIFIED
S1-FL,Flammable liquid,60 C < flash point <90 C,-,S.O. 57(E) (2000),2000-01-20,PUBLICATION_DATE,"applies to any date on/after effective date; no later amendment identified (MSIHC-AM-5, VERIFIED_CONDITIONAL)",VERIFIED_PRIMARY_GAZETTE,Sch 1 Part I (b),SRC-156;SRC-157;SRC-155,VERIFIED
S1-TOX,Toxic classes,"Extremely toxic / highly toxic / toxic by oral LD50, dermal ",-,S.O. 57(E) (2000),2000-01-20,PUBLICATION_DATE,"applies to any date on/after effective date; no later amendment identified (MSIHC-AM-5, VERIFIED_CONDITIONAL)",REQUIRES_OFFICIAL_CONFIRMATION,Sch 1 Part I (a),SRC-156;SRC-157;SRC-155,REQUIRES_OFFICIAL_CONFIRMATION
S2-01,Acrylonitrile,350 t,"5,000 t",S.O. 966(E) (1989 principal),1989-11-27,PUBLICATION_DATE,"applies to any date on/after effective date; no later amendment identified (MSIHC-AM-5, VERIFIED_CONDITIONAL)",VERIFIED_PRIMARY_GAZETTE,Sch 2 s.no.1,SRC-154;SRC-155,VERIFIED
S2-02,Ammonia,60 t,600 t,S.O. 966(E) (1989 principal),1989-11-27,PUBLICATION_DATE,"applies to any date on/after effective date; no later amendment identified (MSIHC-AM-5, VERIFIED_CONDITIONAL)",VERIFIED_PRIMARY_GAZETTE,Sch 2 s.no.2,SRC-154;SRC-155,VERIFIED
S2-03,Ammonium nitrate (note a),350 t,"2,500 t",S.O. 966(E) (1989 principal),1989-11-27,PUBLICATION_DATE,"applies to any date on/after effective date; no later amendment identified (MSIHC-AM-5, VERIFIED_CONDITIONAL)",VERIFIED_PRIMARY_GAZETTE,Sch 2 s.no.3,SRC-154;SRC-155,VERIFIED
S2-04,Ammonium nitrate fertilizers (note b),"1,250 t","10,000 t",S.O. 966(E) (1989 principal),1989-11-27,PUBLICATION_DATE,"applies to any date on/after effective date; no later amendment identified (MSIHC-AM-5, VERIFIED_CONDITIONAL)",VERIFIED_PRIMARY_GAZETTE,Sch 2 s.no.4,SRC-154;SRC-155,VERIFIED
S2-05,Chlorine,10 t,25 t,S.O. 966(E) (1989 principal),1989-11-27,PUBLICATION_DATE,"applies to any date on/after effective date; no later amendment identified (MSIHC-AM-5, VERIFIED_CONDITIONAL)",VERIFIED_PRIMARY_GAZETTE,Sch 2 s.no.5,SRC-154;SRC-155,VERIFIED
S2-06,Flammable gases as defined in Sch 1 para (b)(i),50 t,300 t,S.O. 966(E) (1989 principal),1989-11-27,PUBLICATION_DATE,"applies to any date on/after effective date; no later amendment identified (MSIHC-AM-5, VERIFIED_CONDITIONAL)",VERIFIED_PRIMARY_GAZETTE,Sch 2 s.no.6,SRC-154;SRC-155,VERIFIED
S2-07,Extremely flammable liquids as defined in Sch 1 para (b)(ii),"5,000 t","50,000 t",S.O. 57(E) (2000),2000-01-20,PUBLICATION_DATE,"applies to any date on/after effective date; no later amendment identified (MSIHC-AM-5, VERIFIED_CONDITIONAL)",VERIFIED_PRIMARY_GAZETTE,Sch 2 s.no.7,SRC-156;SRC-157;SRC-155,VERIFIED
S2-08,Liquid oxygen,200 t,"2,000 t",S.O. 966(E) (1989 principal),1989-11-27,PUBLICATION_DATE,"applies to any date on/after effective date; no later amendment identified (MSIHC-AM-5, VERIFIED_CONDITIONAL)",VERIFIED_PRIMARY_GAZETTE,Sch 2 s.no.8,SRC-154;SRC-155,VERIFIED
S2-09,Sodium chlorate,25 t,250 t,S.O. 966(E) (1989 principal),1989-11-27,PUBLICATION_DATE,"applies to any date on/after effective date; no later amendment identified (MSIHC-AM-5, VERIFIED_CONDITIONAL)",VERIFIED_PRIMARY_GAZETTE,Sch 2 s.no.9,SRC-154;SRC-155,VERIFIED
S2-10,Sulphur dioxide,20 t,500 t,S.O. 966(E) (1989 principal),1989-11-27,PUBLICATION_DATE,"applies to any date on/after effective date; no later amendment identified (MSIHC-AM-5, VERIFIED_CONDITIONAL)",VERIFIED_PRIMARY_GAZETTE,Sch 2 s.no.10,SRC-154;SRC-155,VERIFIED
S2-11,Sulphur trioxide,15 t,100 t,S.O. 966(E) (1989 principal),1989-11-27,PUBLICATION_DATE,"applies to any date on/after effective date; no later amendment identified (MSIHC-AM-5, VERIFIED_CONDITIONAL)",VERIFIED_PRIMARY_GAZETTE,Sch 2 s.no.11,SRC-154;SRC-155,VERIFIED
S2-12,Carbonyl chloride,0.750 t,0.750 t,S.O. 2882 (1994),1994-10-03,NOTIFICATION_DATE (1994 commencement clause not read),"applies to any date on/after effective date; no later amendment identified (MSIHC-AM-5, VERIFIED_CONDITIONAL)",VERIFIED_T1_CONSOLIDATED,"SRC-167 Sch 2 s.no.12 (p.746-747); footnote 4: 'Inserted entries 12 to 27 by Rule 11 of the MSIHC (Amendment) Rules, 1994 notified vide S.O.2882, dated 3.10.199",SRC-167;SRC-155,VERIFIED
S2-13,Hydrogen sulphide,5 t,50 t,S.O. 2882 (1994),1994-10-03,NOTIFICATION_DATE (1994 commencement clause not read),"applies to any date on/after effective date; no later amendment identified (MSIHC-AM-5, VERIFIED_CONDITIONAL)",VERIFIED_T1_CONSOLIDATED,"SRC-167 Sch 2 s.no.13 (p.746-747); footnote 4: 'Inserted entries 12 to 27 by Rule 11 of the MSIHC (Amendment) Rules, 1994 notified vide S.O.2882, dated 3.10.199",SRC-167;SRC-155,VERIFIED
S2-14,Hydrogen fluoride,5 t,50 t,S.O. 2882 (1994),1994-10-03,NOTIFICATION_DATE (1994 commencement clause not read),"applies to any date on/after effective date; no later amendment identified (MSIHC-AM-5, VERIFIED_CONDITIONAL)",VERIFIED_T1_CONSOLIDATED,"SRC-167 Sch 2 s.no.14 (p.746-747); footnote 4: 'Inserted entries 12 to 27 by Rule 11 of the MSIHC (Amendment) Rules, 1994 notified vide S.O.2882, dated 3.10.199",SRC-167;SRC-155,VERIFIED
S2-15,Hydrogen cyanide,5 t,50 t,S.O. 2882 (1994),1994-10-03,NOTIFICATION_DATE (1994 commencement clause not read),"applies to any date on/after effective date; no later amendment identified (MSIHC-AM-5, VERIFIED_CONDITIONAL)",VERIFIED_T1_CONSOLIDATED,"SRC-167 Sch 2 s.no.15 (p.746-747); footnote 4: 'Inserted entries 12 to 27 by Rule 11 of the MSIHC (Amendment) Rules, 1994 notified vide S.O.2882, dated 3.10.199",SRC-167;SRC-155,VERIFIED
S2-16,Carbon disulphide,20 t,200 t,S.O. 2882 (1994),1994-10-03,NOTIFICATION_DATE (1994 commencement clause not read),"applies to any date on/after effective date; no later amendment identified (MSIHC-AM-5, VERIFIED_CONDITIONAL)",VERIFIED_T1_CONSOLIDATED,"SRC-167 Sch 2 s.no.16 (p.746-747); footnote 4: 'Inserted entries 12 to 27 by Rule 11 of the MSIHC (Amendment) Rules, 1994 notified vide S.O.2882, dated 3.10.199",SRC-167;SRC-155,VERIFIED
S2-17,Bromine,50 t,500 t,S.O. 2882 (1994),1994-10-03,NOTIFICATION_DATE (1994 commencement clause not read),"applies to any date on/after effective date; no later amendment identified (MSIHC-AM-5, VERIFIED_CONDITIONAL)",VERIFIED_T1_CONSOLIDATED,"SRC-167 Sch 2 s.no.17 (p.746-747); footnote 4: 'Inserted entries 12 to 27 by Rule 11 of the MSIHC (Amendment) Rules, 1994 notified vide S.O.2882, dated 3.10.199",SRC-167;SRC-155,VERIFIED
S2-18,Ethylene oxide,5 t,'501' as printed (probable typo for 50),S.O. 2882 (1994),1994-10-03,NOTIFICATION_DATE (1994 commencement clause not read),"applies to any date on/after effective date; no later amendment identified (MSIHC-AM-5, VERIFIED_CONDITIONAL)",VERIFIED_CONDITIONAL,"SRC-167 Sch 2 s.no.18 (p.746-747); footnote 4: 'Inserted entries 12 to 27 by Rule 11 of the MSIHC (Amendment) Rules, 1994 notified vide S.O.2882, dated 3.10.199",SRC-167;SRC-155,VERIFIED_CONDITIONAL
S2-19,Propylene oxide,5 t,50 t,S.O. 2882 (1994),1994-10-03,NOTIFICATION_DATE (1994 commencement clause not read),"applies to any date on/after effective date; no later amendment identified (MSIHC-AM-5, VERIFIED_CONDITIONAL)",VERIFIED_T1_CONSOLIDATED,"SRC-167 Sch 2 s.no.19 (p.746-747); footnote 4: 'Inserted entries 12 to 27 by Rule 11 of the MSIHC (Amendment) Rules, 1994 notified vide S.O.2882, dated 3.10.199",SRC-167;SRC-155,VERIFIED
S2-20,Acrolein,20 t,200 t,S.O. 2882 (1994),1994-10-03,NOTIFICATION_DATE (1994 commencement clause not read),"applies to any date on/after effective date; no later amendment identified (MSIHC-AM-5, VERIFIED_CONDITIONAL)",VERIFIED_T1_CONSOLIDATED,"SRC-167 Sch 2 s.no.20 (p.746-747); footnote 4: 'Inserted entries 12 to 27 by Rule 11 of the MSIHC (Amendment) Rules, 1994 notified vide S.O.2882, dated 3.10.199",SRC-167;SRC-155,VERIFIED
S2-21,Methyl bromide,20 t,200 t,S.O. 2882 (1994),1994-10-03,NOTIFICATION_DATE (1994 commencement clause not read),"applies to any date on/after effective date; no later amendment identified (MSIHC-AM-5, VERIFIED_CONDITIONAL)",VERIFIED_T1_CONSOLIDATED,"SRC-167 Sch 2 s.no.21 (p.746-747); footnote 4: 'Inserted entries 12 to 27 by Rule 11 of the MSIHC (Amendment) Rules, 1994 notified vide S.O.2882, dated 3.10.199",SRC-167;SRC-155,VERIFIED
S2-22,Methyl isocyanate,0.150 t,0.150 t,S.O. 2882 (1994),1994-10-03,NOTIFICATION_DATE (1994 commencement clause not read),"applies to any date on/after effective date; no later amendment identified (MSIHC-AM-5, VERIFIED_CONDITIONAL)",VERIFIED_T1_CONSOLIDATED,"SRC-167 Sch 2 s.no.22 (p.746-747); footnote 4: 'Inserted entries 12 to 27 by Rule 11 of the MSIHC (Amendment) Rules, 1994 notified vide S.O.2882, dated 3.10.199",SRC-167;SRC-155,VERIFIED
S2-23,Tetraethyl lead or tetramethyl lead,5 t,50 t,S.O. 2882 (1994),1994-10-03,NOTIFICATION_DATE (1994 commencement clause not read),"applies to any date on/after effective date; no later amendment identified (MSIHC-AM-5, VERIFIED_CONDITIONAL)",VERIFIED_T1_CONSOLIDATED,"SRC-167 Sch 2 s.no.23 (p.746-747); footnote 4: 'Inserted entries 12 to 27 by Rule 11 of the MSIHC (Amendment) Rules, 1994 notified vide S.O.2882, dated 3.10.199",SRC-167;SRC-155,VERIFIED
S2-24,"1,2-Dibromoethane (Ethylene dibromide)",5 t,50 t,S.O. 2882 (1994),1994-10-03,NOTIFICATION_DATE (1994 commencement clause not read),"applies to any date on/after effective date; no later amendment identified (MSIHC-AM-5, VERIFIED_CONDITIONAL)",VERIFIED_T1_CONSOLIDATED,"SRC-167 Sch 2 s.no.24 (p.746-747); footnote 4: 'Inserted entries 12 to 27 by Rule 11 of the MSIHC (Amendment) Rules, 1994 notified vide S.O.2882, dated 3.10.199",SRC-167;SRC-155,VERIFIED
S2-25,Hydrogen chloride (liquefied gas),25 t,250 t,S.O. 2882 (1994),1994-10-03,NOTIFICATION_DATE (1994 commencement clause not read),"applies to any date on/after effective date; no later amendment identified (MSIHC-AM-5, VERIFIED_CONDITIONAL)",VERIFIED_T1_CONSOLIDATED,"SRC-167 Sch 2 s.no.25 (p.746-747); footnote 4: 'Inserted entries 12 to 27 by Rule 11 of the MSIHC (Amendment) Rules, 1994 notified vide S.O.2882, dated 3.10.199",SRC-167;SRC-155,VERIFIED
S2-26,Diphenyl methane di-isocyanate (MDI),20 t,200 t,S.O. 2882 (1994),1994-10-03,NOTIFICATION_DATE (1994 commencement clause not read),"applies to any date on/after effective date; no later amendment identified (MSIHC-AM-5, VERIFIED_CONDITIONAL)",VERIFIED_T1_CONSOLIDATED,"SRC-167 Sch 2 s.no.26 (p.746-747); footnote 4: 'Inserted entries 12 to 27 by Rule 11 of the MSIHC (Amendment) Rules, 1994 notified vide S.O.2882, dated 3.10.199",SRC-167;SRC-155,VERIFIED
S2-27,Toluene di-isocyanate (TDI),10 t,100 t,S.O. 2882 (1994),1994-10-03,NOTIFICATION_DATE (1994 commencement clause not read),"applies to any date on/after effective date; no later amendment identified (MSIHC-AM-5, VERIFIED_CONDITIONAL)",VERIFIED_T1_CONSOLIDATED,"SRC-167 Sch 2 s.no.27 (p.746-747); footnote 4: 'Inserted entries 12 to 27 by Rule 11 of the MSIHC (Amendment) Rules, 1994 notified vide S.O.2882, dated 3.10.199",SRC-167;SRC-155,VERIFIED
S2-28,Very highly flammable liquids as defined in Sch 1 para (b)(i,"7,000 t","7,000 t",S.O. 57(E) (2000),2000-01-20,PUBLICATION_DATE,"applies to any date on/after effective date; no later amendment identified (MSIHC-AM-5, VERIFIED_CONDITIONAL)",VERIFIED_PRIMARY_GAZETTE,Sch 2 s.no.28,SRC-156;SRC-157;SRC-155,VERIFIED
S2-29,Highly flammable liquids as defined in Sch 1 para (b)(iv),"10,000 t","10,000 t",S.O. 57(E) (2000),2000-01-20,PUBLICATION_DATE,"applies to any date on/after effective date; no later amendment identified (MSIHC-AM-5, VERIFIED_CONDITIONAL)",VERIFIED_PRIMARY_GAZETTE,Sch 2 s.no.29,SRC-156;SRC-157;SRC-155,VERIFIED
S2-30,Flammable liquids as defined in Sch 1 para (b)(v),"15,000 t","1,00,000 t",S.O. 57(E) (2000),2000-01-20,PUBLICATION_DATE,"applies to any date on/after effective date; no later amendment identified (MSIHC-AM-5, VERIFIED_CONDITIONAL)",VERIFIED_PRIMARY_GAZETTE,Sch 2 s.no.30,SRC-156;SRC-157;SRC-155,VERIFIED
S3P1-001,Aldicarb,100 kg,NOT_PRINTED,S.O. 966(E) (1989 principal),1989-11-27,PUBLICATION_DATE,"applies to any date on/after effective date; no later amendment identified (MSIHC-AM-5, VERIFIED_CONDITIONAL)",VERIFIED_PRIMARY_GAZETTE,Sch 3 Part I s.no.1 (Gazette 27-11-1989 pp.33-38; consolidated pp.755-760),SRC-154;SRC-155,VERIFIED
S3P1-002,4-Aminodiphenyl,1 kg,NOT_PRINTED,S.O. 966(E) (1989 principal),1989-11-27,PUBLICATION_DATE,"applies to any date on/after effective date; no later amendment identified (MSIHC-AM-5, VERIFIED_CONDITIONAL)",VERIFIED_PRIMARY_GAZETTE,Sch 3 Part I s.no.2 (Gazette 27-11-1989 pp.33-38; consolidated pp.755-760),SRC-154;SRC-155,VERIFIED
S3P1-003,Amiton,1 kg,NOT_PRINTED,S.O. 966(E) (1989 principal),1989-11-27,PUBLICATION_DATE,"applies to any date on/after effective date; no later amendment identified (MSIHC-AM-5, VERIFIED_CONDITIONAL)",VERIFIED_PRIMARY_GAZETTE,Sch 3 Part I s.no.3 (Gazette 27-11-1989 pp.33-38; consolidated pp.755-760),SRC-154;SRC-155,VERIFIED
S3P1-004,Anabasine,100 kg,NOT_PRINTED,S.O. 966(E) (1989 principal),1989-11-27,PUBLICATION_DATE,"applies to any date on/after effective date; no later amendment identified (MSIHC-AM-5, VERIFIED_CONDITIONAL)",VERIFIED_PRIMARY_GAZETTE,Sch 3 Part I s.no.4 (Gazette 27-11-1989 pp.33-38; consolidated pp.755-760),SRC-154;SRC-155,VERIFIED
S3P1-005,"Arseinc pentoxide, Arsenic (V) acid & salts",500 kg,NOT_PRINTED,S.O. 966(E) (1989 principal),1989-11-27,PUBLICATION_DATE,"applies to any date on/after effective date; no later amendment identified (MSIHC-AM-5, VERIFIED_CONDITIONAL)",VERIFIED_PRIMARY_GAZETTE,Sch 3 Part I s.no.5 (Gazette 27-11-1989 pp.33-38; consolidated pp.755-760),SRC-154;SRC-155,VERIFIED
S3P1-006,"Arsenic trioxide, Arsenic (III) acid & salts",100 kg,NOT_PRINTED,S.O. 966(E) (1989 principal),1989-11-27,PUBLICATION_DATE,"applies to any date on/after effective date; no later amendment identified (MSIHC-AM-5, VERIFIED_CONDITIONAL)",VERIFIED_PRIMARY_GAZETTE,Sch 3 Part I s.no.6 (Gazette 27-11-1989 pp.33-38; consolidated pp.755-760),SRC-154;SRC-155,VERIFIED
S3P1-007,Arsine (Arsenic hydride),10 kg,NOT_PRINTED,S.O. 966(E) (1989 principal),1989-11-27,PUBLICATION_DATE,"applies to any date on/after effective date; no later amendment identified (MSIHC-AM-5, VERIFIED_CONDITIONAL)",VERIFIED_PRIMARY_GAZETTE,Sch 3 Part I s.no.7 (Gazette 27-11-1989 pp.33-38; consolidated pp.755-760),SRC-154;SRC-155,VERIFIED
S3P1-008,Azinphos-ethyl,100 kg,NOT_PRINTED,S.O. 966(E) (1989 principal),1989-11-27,PUBLICATION_DATE,"applies to any date on/after effective date; no later amendment identified (MSIHC-AM-5, VERIFIED_CONDITIONAL)",VERIFIED_PRIMARY_GAZETTE,Sch 3 Part I s.no.8 (Gazette 27-11-1989 pp.33-38; consolidated pp.755-760),SRC-154;SRC-155,VERIFIED
S3P1-009,Azinphos-methyl,100 kg,NOT_PRINTED,S.O. 966(E) (1989 principal),1989-11-27,PUBLICATION_DATE,"applies to any date on/after effective date; no later amendment identified (MSIHC-AM-5, VERIFIED_CONDITIONAL)",VERIFIED_PRIMARY_GAZETTE,Sch 3 Part I s.no.9 (Gazette 27-11-1989 pp.33-38; consolidated pp.755-760),SRC-154;SRC-155,VERIFIED
S3P1-010,Benzidine,1 kg,NOT_PRINTED,S.O. 966(E) (1989 principal),1989-11-27,PUBLICATION_DATE,"applies to any date on/after effective date; no later amendment identified (MSIHC-AM-5, VERIFIED_CONDITIONAL)",VERIFIED_PRIMARY_GAZETTE,Sch 3 Part I s.no.10 (Gazette 27-11-1989 pp.33-38; consolidated pp.755-760),SRC-154;SRC-155,VERIFIED
S3P1-011,Bezidine salts,1 kg,NOT_PRINTED,S.O. 966(E) (1989 principal),1989-11-27,PUBLICATION_DATE,"applies to any date on/after effective date; no later amendment identified (MSIHC-AM-5, VERIFIED_CONDITIONAL)",VERIFIED_PRIMARY_GAZETTE,Sch 3 Part I s.no.11 (Gazette 27-11-1989 pp.33-38; consolidated pp.755-760),SRC-154;SRC-155,VERIFIED
S3P1-012,"Beryllium (powders, compounds)",10 kg,NOT_PRINTED,S.O. 966(E) (1989 principal),1989-11-27,PUBLICATION_DATE,"applies to any date on/after effective date; no later amendment identified (MSIHC-AM-5, VERIFIED_CONDITIONAL)",VERIFIED_PRIMARY_GAZETTE,Sch 3 Part I s.no.12 (Gazette 27-11-1989 pp.33-38; consolidated pp.755-760),SRC-154;SRC-155,VERIFIED
S3P1-013,Bis (2-chloroethyl) sulphide,1 kg,NOT_PRINTED,S.O. 966(E) (1989 principal),1989-11-27,PUBLICATION_DATE,"applies to any date on/after effective date; no later amendment identified (MSIHC-AM-5, VERIFIED_CONDITIONAL)",VERIFIED_PRIMARY_GAZETTE,Sch 3 Part I s.no.13 (Gazette 27-11-1989 pp.33-38; consolidated pp.755-760),SRC-154;SRC-155,VERIFIED
S3P1-014,Bis (chloromethyl) ether,1 kg,NOT_PRINTED,S.O. 966(E) (1989 principal),1989-11-27,PUBLICATION_DATE,"applies to any date on/after effective date; no later amendment identified (MSIHC-AM-5, VERIFIED_CONDITIONAL)",VERIFIED_PRIMARY_GAZETTE,Sch 3 Part I s.no.14 (Gazette 27-11-1989 pp.33-38; consolidated pp.755-760),SRC-154;SRC-155,VERIFIED
S3P1-015,Carbophuran,100 kg,NOT_PRINTED,S.O. 966(E) (1989 principal),1989-11-27,PUBLICATION_DATE,"applies to any date on/after effective date; no later amendment identified (MSIHC-AM-5, VERIFIED_CONDITIONAL)",VERIFIED_PRIMARY_GAZETTE,Sch 3 Part I s.no.15 (Gazette 27-11-1989 pp.33-38; consolidated pp.755-760),SRC-154;SRC-155,VERIFIED
S3P1-016,Carbophenothion,100 kg,NOT_PRINTED,S.O. 966(E) (1989 principal),1989-11-27,PUBLICATION_DATE,"applies to any date on/after effective date; no later amendment identified (MSIHC-AM-5, VERIFIED_CONDITIONAL)",VERIFIED_PRIMARY_GAZETTE,Sch 3 Part I s.no.16 (Gazette 27-11-1989 pp.33-38; consolidated pp.755-760),SRC-154;SRC-155,VERIFIED
S3P1-017,Chlorefenvinphos,100 kg,NOT_PRINTED,S.O. 966(E) (1989 principal),1989-11-27,PUBLICATION_DATE,"applies to any date on/after effective date; no later amendment identified (MSIHC-AM-5, VERIFIED_CONDITIONAL)",VERIFIED_PRIMARY_GAZETTE,Sch 3 Part I s.no.17 (Gazette 27-11-1989 pp.33-38; consolidated pp.755-760),SRC-154;SRC-155,VERIFIED
S3P1-018,4-(Chloroformyl) morpholine,1 kg,NOT_PRINTED,S.O. 966(E) (1989 principal),1989-11-27,PUBLICATION_DATE,"applies to any date on/after effective date; no later amendment identified (MSIHC-AM-5, VERIFIED_CONDITIONAL)",VERIFIED_PRIMARY_GAZETTE,Sch 3 Part I s.no.18 (Gazette 27-11-1989 pp.33-38; consolidated pp.755-760),SRC-154;SRC-155,VERIFIED
S3P1-019,Chloromethyl methyl ether,1 kg,NOT_PRINTED,S.O. 966(E) (1989 principal),1989-11-27,PUBLICATION_DATE,"applies to any date on/after effective date; no later amendment identified (MSIHC-AM-5, VERIFIED_CONDITIONAL)",VERIFIED_PRIMARY_GAZETTE,Sch 3 Part I s.no.19 (Gazette 27-11-1989 pp.33-38; consolidated pp.755-760),SRC-154;SRC-155,VERIFIED
S3P1-020,"Cobalt (metal, oxide, carbonates, sulphides, as powders)",1 t,NOT_PRINTED,S.O. 966(E) (1989 principal),1989-11-27,PUBLICATION_DATE,"applies to any date on/after effective date; no later amendment identified (MSIHC-AM-5, VERIFIED_CONDITIONAL)",VERIFIED_PRIMARY_GAZETTE,Sch 3 Part I s.no.20 (Gazette 27-11-1989 pp.33-38; consolidated pp.755-760),SRC-154;SRC-155,VERIFIED
S3P1-021,Crimidine,100 kg,NOT_PRINTED,S.O. 966(E) (1989 principal),1989-11-27,PUBLICATION_DATE,"applies to any date on/after effective date; no later amendment identified (MSIHC-AM-5, VERIFIED_CONDITIONAL)",VERIFIED_PRIMARY_GAZETTE,Sch 3 Part I s.no.21 (Gazette 27-11-1989 pp.33-38; consolidated pp.755-760),SRC-154;SRC-155,VERIFIED
S3P1-022,Cynthoate,100 kg,NOT_PRINTED,S.O. 966(E) (1989 principal),1989-11-27,PUBLICATION_DATE,"applies to any date on/after effective date; no later amendment identified (MSIHC-AM-5, VERIFIED_CONDITIONAL)",VERIFIED_PRIMARY_GAZETTE,Sch 3 Part I s.no.22 (Gazette 27-11-1989 pp.33-38; consolidated pp.755-760),SRC-154;SRC-155,VERIFIED
S3P1-023,Cycloheximide,100 kg,NOT_PRINTED,S.O. 966(E) (1989 principal),1989-11-27,PUBLICATION_DATE,"applies to any date on/after effective date; no later amendment identified (MSIHC-AM-5, VERIFIED_CONDITIONAL)",VERIFIED_PRIMARY_GAZETTE,Sch 3 Part I s.no.23 (Gazette 27-11-1989 pp.33-38; consolidated pp.755-760),SRC-154;SRC-155,VERIFIED
S3P1-024,Demeton,100 kg,NOT_PRINTED,S.O. 966(E) (1989 principal),1989-11-27,PUBLICATION_DATE,"applies to any date on/after effective date; no later amendment identified (MSIHC-AM-5, VERIFIED_CONDITIONAL)",VERIFIED_PRIMARY_GAZETTE,Sch 3 Part I s.no.24 (Gazette 27-11-1989 pp.33-38; consolidated pp.755-760),SRC-154;SRC-155,VERIFIED
S3P1-025,Dialifos,100 kg,NOT_PRINTED,S.O. 966(E) (1989 principal),1989-11-27,PUBLICATION_DATE,"applies to any date on/after effective date; no later amendment identified (MSIHC-AM-5, VERIFIED_CONDITIONAL)",VERIFIED_PRIMARY_GAZETTE,Sch 3 Part I s.no.25 (Gazette 27-11-1989 pp.33-38; consolidated pp.755-760),SRC-154;SRC-155,VERIFIED
S3P1-026,OO-Diethyl S-ethylsulphinylmethyl phosphorothiate,100 kg,NOT_PRINTED,S.O. 966(E) (1989 principal),1989-11-27,PUBLICATION_DATE,"applies to any date on/after effective date; no later amendment identified (MSIHC-AM-5, VERIFIED_CONDITIONAL)",VERIFIED_PRIMARY_GAZETTE,Sch 3 Part I s.no.26 (Gazette 27-11-1989 pp.33-38; consolidated pp.755-760),SRC-154;SRC-155,VERIFIED
S3P1-027,OO-Diethyl S-ethylsulphonylmethyl phosphorothiate,100 kg,NOT_PRINTED,S.O. 966(E) (1989 principal),1989-11-27,PUBLICATION_DATE,"applies to any date on/after effective date; no later amendment identified (MSIHC-AM-5, VERIFIED_CONDITIONAL)",VERIFIED_PRIMARY_GAZETTE,Sch 3 Part I s.no.27 (Gazette 27-11-1989 pp.33-38; consolidated pp.755-760),SRC-154;SRC-155,VERIFIED
S3P1-028,OO-Diethyl S-ethylthiomethyl Phosphorothioate,100 kg,NOT_PRINTED,S.O. 966(E) (1989 principal),1989-11-27,PUBLICATION_DATE,"applies to any date on/after effective date; no later amendment identified (MSIHC-AM-5, VERIFIED_CONDITIONAL)",VERIFIED_PRIMARY_GAZETTE,Sch 3 Part I s.no.28 (Gazette 27-11-1989 pp.33-38; consolidated pp.755-760),SRC-154;SRC-155,VERIFIED
S3P1-029,OO-Diethyl S-isoprophylthiomethyl phosphorothiate,100 kg,NOT_PRINTED,S.O. 966(E) (1989 principal),1989-11-27,PUBLICATION_DATE,"applies to any date on/after effective date; no later amendment identified (MSIHC-AM-5, VERIFIED_CONDITIONAL)",VERIFIED_PRIMARY_GAZETTE,Sch 3 Part I s.no.29 (Gazette 27-11-1989 pp.33-38; consolidated pp.755-760),SRC-154;SRC-155,VERIFIED
S3P1-030,OO-Diethyl S-isopropylthiomethyl phosphorodithioate,100 kg,NOT_PRINTED,S.O. 966(E) (1989 principal),1989-11-27,PUBLICATION_DATE,"applies to any date on/after effective date; no later amendment identified (MSIHC-AM-5, VERIFIED_CONDITIONAL)",VERIFIED_PRIMARY_GAZETTE,Sch 3 Part I s.no.30 (Gazette 27-11-1989 pp.33-38; consolidated pp.755-760),SRC-154;SRC-155,VERIFIED
S3P1-031,Dimefox,100 kg,NOT_PRINTED,S.O. 966(E) (1989 principal),1989-11-27,PUBLICATION_DATE,"applies to any date on/after effective date; no later amendment identified (MSIHC-AM-5, VERIFIED_CONDITIONAL)",VERIFIED_PRIMARY_GAZETTE,Sch 3 Part I s.no.31 (Gazette 27-11-1989 pp.33-38; consolidated pp.755-760),SRC-154;SRC-155,VERIFIED
S3P1-032,Dimethylcarbamoyl chloride,1 kg,NOT_PRINTED,S.O. 966(E) (1989 principal),1989-11-27,PUBLICATION_DATE,"applies to any date on/after effective date; no later amendment identified (MSIHC-AM-5, VERIFIED_CONDITIONAL)",VERIFIED_PRIMARY_GAZETTE,Sch 3 Part I s.no.32 (Gazette 27-11-1989 pp.33-38; consolidated pp.755-760),SRC-154;SRC-155,VERIFIED
S3P1-033,Dimethylnitrosamine,1 kg,NOT_PRINTED,S.O. 966(E) (1989 principal),1989-11-27,PUBLICATION_DATE,"applies to any date on/after effective date; no later amendment identified (MSIHC-AM-5, VERIFIED_CONDITIONAL)",VERIFIED_PRIMARY_GAZETTE,Sch 3 Part I s.no.33 (Gazette 27-11-1989 pp.33-38; consolidated pp.755-760),SRC-154;SRC-155,VERIFIED
S3P1-034,Dimethyl phosphoromidocynicidic acid,1 t,NOT_PRINTED,S.O. 966(E) (1989 principal),1989-11-27,PUBLICATION_DATE,"applies to any date on/after effective date; no later amendment identified (MSIHC-AM-5, VERIFIED_CONDITIONAL)",VERIFIED_PRIMARY_GAZETTE,Sch 3 Part I s.no.34 (Gazette 27-11-1989 pp.33-38; consolidated pp.755-760),SRC-154;SRC-155,VERIFIED
S3P1-035,Diphacinone,100 kg,NOT_PRINTED,S.O. 966(E) (1989 principal),1989-11-27,PUBLICATION_DATE,"applies to any date on/after effective date; no later amendment identified (MSIHC-AM-5, VERIFIED_CONDITIONAL)",VERIFIED_PRIMARY_GAZETTE,Sch 3 Part I s.no.35 (Gazette 27-11-1989 pp.33-38; consolidated pp.755-760),SRC-154;SRC-155,VERIFIED
S3P1-036,Disulfoton,100 kg,NOT_PRINTED,S.O. 966(E) (1989 principal),1989-11-27,PUBLICATION_DATE,"applies to any date on/after effective date; no later amendment identified (MSIHC-AM-5, VERIFIED_CONDITIONAL)",VERIFIED_PRIMARY_GAZETTE,Sch 3 Part I s.no.36 (Gazette 27-11-1989 pp.33-38; consolidated pp.755-760),SRC-154;SRC-155,VERIFIED
S3P1-037,EPN,100 kg,NOT_PRINTED,S.O. 966(E) (1989 principal),1989-11-27,PUBLICATION_DATE,"applies to any date on/after effective date; no later amendment identified (MSIHC-AM-5, VERIFIED_CONDITIONAL)",VERIFIED_PRIMARY_GAZETTE,Sch 3 Part I s.no.37 (Gazette 27-11-1989 pp.33-38; consolidated pp.755-760),SRC-154;SRC-155,VERIFIED
S3P1-038,Ethion,100 kg,NOT_PRINTED,S.O. 966(E) (1989 principal),1989-11-27,PUBLICATION_DATE,"applies to any date on/after effective date; no later amendment identified (MSIHC-AM-5, VERIFIED_CONDITIONAL)",VERIFIED_PRIMARY_GAZETTE,Sch 3 Part I s.no.38 (Gazette 27-11-1989 pp.33-38; consolidated pp.755-760),SRC-154;SRC-155,VERIFIED
S3P1-039,Fensulfothion,100 kg,NOT_PRINTED,S.O. 966(E) (1989 principal),1989-11-27,PUBLICATION_DATE,"applies to any date on/after effective date; no later amendment identified (MSIHC-AM-5, VERIFIED_CONDITIONAL)",VERIFIED_PRIMARY_GAZETTE,Sch 3 Part I s.no.39 (Gazette 27-11-1989 pp.33-38; consolidated pp.755-760),SRC-154;SRC-155,VERIFIED
S3P1-040,Fluenetil,100 kg,NOT_PRINTED,S.O. 966(E) (1989 principal),1989-11-27,PUBLICATION_DATE,"applies to any date on/after effective date; no later amendment identified (MSIHC-AM-5, VERIFIED_CONDITIONAL)",VERIFIED_PRIMARY_GAZETTE,Sch 3 Part I s.no.40 (Gazette 27-11-1989 pp.33-38; consolidated pp.755-760),SRC-154;SRC-155,VERIFIED
S3P1-041,Fluoroacetic acid,1 kg,NOT_PRINTED,S.O. 966(E) (1989 principal),1989-11-27,PUBLICATION_DATE,"applies to any date on/after effective date; no later amendment identified (MSIHC-AM-5, VERIFIED_CONDITIONAL)",VERIFIED_PRIMARY_GAZETTE,Sch 3 Part I s.no.41 (Gazette 27-11-1989 pp.33-38; consolidated pp.755-760),SRC-154;SRC-155,VERIFIED
S3P1-042,"Fluoroacetic acid, salts",1 kg,NOT_PRINTED,S.O. 966(E) (1989 principal),1989-11-27,PUBLICATION_DATE,"applies to any date on/after effective date; no later amendment identified (MSIHC-AM-5, VERIFIED_CONDITIONAL)",VERIFIED_PRIMARY_GAZETTE,Sch 3 Part I s.no.42 (Gazette 27-11-1989 pp.33-38; consolidated pp.755-760),SRC-154;SRC-155,VERIFIED
S3P1-043,"Fluoroacetic acid, esters",1 kg,NOT_PRINTED,S.O. 966(E) (1989 principal),1989-11-27,PUBLICATION_DATE,"applies to any date on/after effective date; no later amendment identified (MSIHC-AM-5, VERIFIED_CONDITIONAL)",VERIFIED_PRIMARY_GAZETTE,Sch 3 Part I s.no.43 (Gazette 27-11-1989 pp.33-38; consolidated pp.755-760),SRC-154;SRC-155,VERIFIED
S3P1-044,"Fluoroacetic acid, amides",1 kg,NOT_PRINTED,S.O. 966(E) (1989 principal),1989-11-27,PUBLICATION_DATE,"applies to any date on/after effective date; no later amendment identified (MSIHC-AM-5, VERIFIED_CONDITIONAL)",VERIFIED_PRIMARY_GAZETTE,Sch 3 Part I s.no.44 (Gazette 27-11-1989 pp.33-38; consolidated pp.755-760),SRC-154;SRC-155,VERIFIED
S3P1-045,4-Fluorobutyric acid,1 kg,NOT_PRINTED,S.O. 966(E) (1989 principal),1989-11-27,PUBLICATION_DATE,"applies to any date on/after effective date; no later amendment identified (MSIHC-AM-5, VERIFIED_CONDITIONAL)",VERIFIED_PRIMARY_GAZETTE,Sch 3 Part I s.no.45 (Gazette 27-11-1989 pp.33-38; consolidated pp.755-760),SRC-154;SRC-155,VERIFIED
S3P1-046,"4-Fluorobutyric acid, salts",1 kg,NOT_PRINTED,S.O. 966(E) (1989 principal),1989-11-27,PUBLICATION_DATE,"applies to any date on/after effective date; no later amendment identified (MSIHC-AM-5, VERIFIED_CONDITIONAL)",VERIFIED_PRIMARY_GAZETTE,Sch 3 Part I s.no.46 (Gazette 27-11-1989 pp.33-38; consolidated pp.755-760),SRC-154;SRC-155,VERIFIED
S3P1-047,"4-Fluorobutyric acid, esters",1 kg,NOT_PRINTED,S.O. 966(E) (1989 principal),1989-11-27,PUBLICATION_DATE,"applies to any date on/after effective date; no later amendment identified (MSIHC-AM-5, VERIFIED_CONDITIONAL)",VERIFIED_PRIMARY_GAZETTE,Sch 3 Part I s.no.47 (Gazette 27-11-1989 pp.33-38; consolidated pp.755-760),SRC-154;SRC-155,VERIFIED
S3P1-048,"4-Fluorobutyric acid, amides",1 kg,NOT_PRINTED,S.O. 966(E) (1989 principal),1989-11-27,PUBLICATION_DATE,"applies to any date on/after effective date; no later amendment identified (MSIHC-AM-5, VERIFIED_CONDITIONAL)",VERIFIED_PRIMARY_GAZETTE,Sch 3 Part I s.no.48 (Gazette 27-11-1989 pp.33-38; consolidated pp.755-760),SRC-154;SRC-155,VERIFIED
S3P1-049,4-Fluorocrotonic acid (gazette name; consolidated text print,1 kg,NOT_PRINTED,S.O. 966(E) (1989 principal),1989-11-27,PUBLICATION_DATE,"applies to any date on/after effective date; no later amendment identified (MSIHC-AM-5, VERIFIED_CONDITIONAL)",VERIFIED_PRIMARY_GAZETTE,"SRC-154 Sch 3 Part I s.no.49 '4-Fluorocrotonic acid' 1 kg; SRC-167 s.no.49 '4-Fluorobutyric acid' 1 kg, CAS 37759-72-1",SRC-154;SRC-167;SRC-155,VERIFIED
S3P1-050,"4-Fluorocrotonic acid, salts",1 kg,NOT_PRINTED,S.O. 966(E) (1989 principal),1989-11-27,PUBLICATION_DATE,"applies to any date on/after effective date; no later amendment identified (MSIHC-AM-5, VERIFIED_CONDITIONAL)",VERIFIED_PRIMARY_GAZETTE,Sch 3 Part I s.no.50 (Gazette 27-11-1989 pp.33-38; consolidated pp.755-760),SRC-154;SRC-155,VERIFIED
S3P1-051,"4-Fluorocrotonic acid, esters",1 kg,NOT_PRINTED,S.O. 966(E) (1989 principal),1989-11-27,PUBLICATION_DATE,"applies to any date on/after effective date; no later amendment identified (MSIHC-AM-5, VERIFIED_CONDITIONAL)",VERIFIED_PRIMARY_GAZETTE,Sch 3 Part I s.no.51 (Gazette 27-11-1989 pp.33-38; consolidated pp.755-760),SRC-154;SRC-155,VERIFIED
S3P1-052,"4-Fluorocrotonic acid, amides",1 kg,NOT_PRINTED,S.O. 966(E) (1989 principal),1989-11-27,PUBLICATION_DATE,"applies to any date on/after effective date; no later amendment identified (MSIHC-AM-5, VERIFIED_CONDITIONAL)",VERIFIED_PRIMARY_GAZETTE,Sch 3 Part I s.no.52 (Gazette 27-11-1989 pp.33-38; consolidated pp.755-760),SRC-154;SRC-155,VERIFIED
S3P1-053,"4-Fluoro-2-hydroxybutyric acid, amides",1 kg,NOT_PRINTED,S.O. 966(E) (1989 principal),1989-11-27,PUBLICATION_DATE,"applies to any date on/after effective date; no later amendment identified (MSIHC-AM-5, VERIFIED_CONDITIONAL)",VERIFIED_PRIMARY_GAZETTE,Sch 3 Part I s.no.53 (Gazette 27-11-1989 pp.33-38; consolidated pp.755-760),SRC-154;SRC-155,VERIFIED
S3P1-054,"4-Fluoro-2-hydroxybutyric acid, salts",1 kg,NOT_PRINTED,S.O. 966(E) (1989 principal),1989-11-27,PUBLICATION_DATE,"applies to any date on/after effective date; no later amendment identified (MSIHC-AM-5, VERIFIED_CONDITIONAL)",VERIFIED_PRIMARY_GAZETTE,Sch 3 Part I s.no.54 (Gazette 27-11-1989 pp.33-38; consolidated pp.755-760),SRC-154;SRC-155,VERIFIED
S3P1-055,"4-Fluoro-2-hydroxybutyric acid, esters",1 kg,NOT_PRINTED,S.O. 966(E) (1989 principal),1989-11-27,PUBLICATION_DATE,"applies to any date on/after effective date; no later amendment identified (MSIHC-AM-5, VERIFIED_CONDITIONAL)",VERIFIED_PRIMARY_GAZETTE,Sch 3 Part I s.no.55 (Gazette 27-11-1989 pp.33-38; consolidated pp.755-760),SRC-154;SRC-155,VERIFIED
S3P1-056,"4-Fluoro-2-hydroxybutyric acid, amides",1 kg,NOT_PRINTED,S.O. 966(E) (1989 principal),1989-11-27,PUBLICATION_DATE,"applies to any date on/after effective date; no later amendment identified (MSIHC-AM-5, VERIFIED_CONDITIONAL)",VERIFIED_PRIMARY_GAZETTE,Sch 3 Part I s.no.56 (Gazette 27-11-1989 pp.33-38; consolidated pp.755-760),SRC-154;SRC-155,VERIFIED
S3P1-057,Glycolonitrile (Hydroxyacetonitrile ),100 kg,NOT_PRINTED,S.O. 966(E) (1989 principal),1989-11-27,PUBLICATION_DATE,"applies to any date on/after effective date; no later amendment identified (MSIHC-AM-5, VERIFIED_CONDITIONAL)",VERIFIED_PRIMARY_GAZETTE,Sch 3 Part I s.no.57 (Gazette 27-11-1989 pp.33-38; consolidated pp.755-760),SRC-154;SRC-155,VERIFIED
S3P1-058,"1,2,3,7,8,9-Hexachlorodibenzo-p-dioxin",100 kg,NOT_PRINTED,S.O. 966(E) (1989 principal),1989-11-27,PUBLICATION_DATE,"applies to any date on/after effective date; no later amendment identified (MSIHC-AM-5, VERIFIED_CONDITIONAL)",VERIFIED_PRIMARY_GAZETTE,Sch 3 Part I s.no.58 (Gazette 27-11-1989 pp.33-38; consolidated pp.755-760),SRC-154;SRC-155,VERIFIED
S3P1-059,Hexmathylphosphoramide,1 kg,NOT_PRINTED,S.O. 966(E) (1989 principal),1989-11-27,PUBLICATION_DATE,"applies to any date on/after effective date; no later amendment identified (MSIHC-AM-5, VERIFIED_CONDITIONAL)",VERIFIED_PRIMARY_GAZETTE,Sch 3 Part I s.no.59 (Gazette 27-11-1989 pp.33-38; consolidated pp.755-760),SRC-154;SRC-155,VERIFIED
S3P1-060,Hydrogen selenide,10 kg,NOT_PRINTED,S.O. 966(E) (1989 principal),1989-11-27,PUBLICATION_DATE,"applies to any date on/after effective date; no later amendment identified (MSIHC-AM-5, VERIFIED_CONDITIONAL)",VERIFIED_PRIMARY_GAZETTE,Sch 3 Part I s.no.60 (Gazette 27-11-1989 pp.33-38; consolidated pp.755-760),SRC-154;SRC-155,VERIFIED
S3P1-061,Isobenzan,100 kg,NOT_PRINTED,S.O. 966(E) (1989 principal),1989-11-27,PUBLICATION_DATE,"applies to any date on/after effective date; no later amendment identified (MSIHC-AM-5, VERIFIED_CONDITIONAL)",VERIFIED_PRIMARY_GAZETTE,Sch 3 Part I s.no.61 (Gazette 27-11-1989 pp.33-38; consolidated pp.755-760),SRC-154;SRC-155,VERIFIED
S3P1-062,Isodrin,100 kg,NOT_PRINTED,S.O. 966(E) (1989 principal),1989-11-27,PUBLICATION_DATE,"applies to any date on/after effective date; no later amendment identified (MSIHC-AM-5, VERIFIED_CONDITIONAL)",VERIFIED_PRIMARY_GAZETTE,Sch 3 Part I s.no.62 (Gazette 27-11-1989 pp.33-38; consolidated pp.755-760),SRC-154;SRC-155,VERIFIED
S3P1-063,"Juglone (5-Hydroxynaphithalene 1,4 dione)",100 kg,NOT_PRINTED,S.O. 966(E) (1989 principal),1989-11-27,PUBLICATION_DATE,"applies to any date on/after effective date; no later amendment identified (MSIHC-AM-5, VERIFIED_CONDITIONAL)",VERIFIED_PRIMARY_GAZETTE,Sch 3 Part I s.no.63 (Gazette 27-11-1989 pp.33-38; consolidated pp.755-760),SRC-154;SRC-155,VERIFIED
S3P1-064,"4,4-Methylenebis (2-chloroniline)",10 kg,NOT_PRINTED,S.O. 966(E) (1989 principal),1989-11-27,PUBLICATION_DATE,"applies to any date on/after effective date; no later amendment identified (MSIHC-AM-5, VERIFIED_CONDITIONAL)",VERIFIED_PRIMARY_GAZETTE,Sch 3 Part I s.no.64 (Gazette 27-11-1989 pp.33-38; consolidated pp.755-760),SRC-154;SRC-155,VERIFIED
S3P1-065,Mthyl isocynate,150 kg,150 kg,S.O. 966(E) (1989 principal),1989-11-27,PUBLICATION_DATE,"applies to any date on/after effective date; no later amendment identified (MSIHC-AM-5, VERIFIED_CONDITIONAL)",VERIFIED_PRIMARY_GAZETTE,Sch 3 Part I s.no.65 (Gazette 27-11-1989 pp.33-38; consolidated pp.755-760),SRC-154;SRC-155,VERIFIED
S3P1-066,Mevinphos,100 kg,NOT_PRINTED,S.O. 966(E) (1989 principal),1989-11-27,PUBLICATION_DATE,"applies to any date on/after effective date; no later amendment identified (MSIHC-AM-5, VERIFIED_CONDITIONAL)",VERIFIED_PRIMARY_GAZETTE,Sch 3 Part I s.no.66 (Gazette 27-11-1989 pp.33-38; consolidated pp.755-760),SRC-154;SRC-155,VERIFIED
S3P1-067,2-Naphthylamine,1 kg,NOT_PRINTED,S.O. 966(E) (1989 principal),1989-11-27,PUBLICATION_DATE,"applies to any date on/after effective date; no later amendment identified (MSIHC-AM-5, VERIFIED_CONDITIONAL)",VERIFIED_PRIMARY_GAZETTE,Sch 3 Part I s.no.67 (Gazette 27-11-1989 pp.33-38; consolidated pp.755-760),SRC-154;SRC-155,VERIFIED
S3P1-068,"2-Nickel (metal, oxides, carbonates), sulphides, as powers)",1 t,NOT_PRINTED,S.O. 966(E) (1989 principal),1989-11-27,PUBLICATION_DATE,"applies to any date on/after effective date; no later amendment identified (MSIHC-AM-5, VERIFIED_CONDITIONAL)",VERIFIED_PRIMARY_GAZETTE,Sch 3 Part I s.no.68 (Gazette 27-11-1989 pp.33-38; consolidated pp.755-760),SRC-154;SRC-155,VERIFIED
S3P1-069,Nickel tetracarbonyl,10 kg,NOT_PRINTED,S.O. 966(E) (1989 principal),1989-11-27,PUBLICATION_DATE,"applies to any date on/after effective date; no later amendment identified (MSIHC-AM-5, VERIFIED_CONDITIONAL)",VERIFIED_PRIMARY_GAZETTE,Sch 3 Part I s.no.69 (Gazette 27-11-1989 pp.33-38; consolidated pp.755-760),SRC-154;SRC-155,VERIFIED
S3P1-070,Oxygendisulfoton,100 kg,NOT_PRINTED,S.O. 966(E) (1989 principal),1989-11-27,PUBLICATION_DATE,"applies to any date on/after effective date; no later amendment identified (MSIHC-AM-5, VERIFIED_CONDITIONAL)",VERIFIED_PRIMARY_GAZETTE,Sch 3 Part I s.no.70 (Gazette 27-11-1989 pp.33-38; consolidated pp.755-760),SRC-154;SRC-155,VERIFIED
S3P1-071,Oxygen difluoride,10 kg,NOT_PRINTED,S.O. 966(E) (1989 principal),1989-11-27,PUBLICATION_DATE,"applies to any date on/after effective date; no later amendment identified (MSIHC-AM-5, VERIFIED_CONDITIONAL)",VERIFIED_PRIMARY_GAZETTE,Sch 3 Part I s.no.71 (Gazette 27-11-1989 pp.33-38; consolidated pp.755-760),SRC-154;SRC-155,VERIFIED
S3P1-072,Paraxon (Diethyl 4-nitrophenyl phosphate),100 kg,NOT_PRINTED,S.O. 966(E) (1989 principal),1989-11-27,PUBLICATION_DATE,"applies to any date on/after effective date; no later amendment identified (MSIHC-AM-5, VERIFIED_CONDITIONAL)",VERIFIED_PRIMARY_GAZETTE,Sch 3 Part I s.no.72 (Gazette 27-11-1989 pp.33-38; consolidated pp.755-760),SRC-154;SRC-155,VERIFIED
S3P1-073,Parathion,100 kg,NOT_PRINTED,S.O. 966(E) (1989 principal),1989-11-27,PUBLICATION_DATE,"applies to any date on/after effective date; no later amendment identified (MSIHC-AM-5, VERIFIED_CONDITIONAL)",VERIFIED_PRIMARY_GAZETTE,Sch 3 Part I s.no.73 (Gazette 27-11-1989 pp.33-38; consolidated pp.755-760),SRC-154;SRC-155,VERIFIED
S3P1-074,Parathion-methyl,100 kg,NOT_PRINTED,S.O. 966(E) (1989 principal),1989-11-27,PUBLICATION_DATE,"applies to any date on/after effective date; no later amendment identified (MSIHC-AM-5, VERIFIED_CONDITIONAL)",VERIFIED_PRIMARY_GAZETTE,Sch 3 Part I s.no.74 (Gazette 27-11-1989 pp.33-38; consolidated pp.755-760),SRC-154;SRC-155,VERIFIED
S3P1-075,Pentaborane,100 kg,NOT_PRINTED,S.O. 966(E) (1989 principal),1989-11-27,PUBLICATION_DATE,"applies to any date on/after effective date; no later amendment identified (MSIHC-AM-5, VERIFIED_CONDITIONAL)",VERIFIED_PRIMARY_GAZETTE,Sch 3 Part I s.no.75 (Gazette 27-11-1989 pp.33-38; consolidated pp.755-760),SRC-154;SRC-155,VERIFIED
S3P1-076,Phorate,100 kg,NOT_PRINTED,S.O. 966(E) (1989 principal),1989-11-27,PUBLICATION_DATE,"applies to any date on/after effective date; no later amendment identified (MSIHC-AM-5, VERIFIED_CONDITIONAL)",VERIFIED_PRIMARY_GAZETTE,Sch 3 Part I s.no.76 (Gazette 27-11-1989 pp.33-38; consolidated pp.755-760),SRC-154;SRC-155,VERIFIED
S3P1-077,Phosacetim,100 kg,NOT_PRINTED,S.O. 966(E) (1989 principal),1989-11-27,PUBLICATION_DATE,"applies to any date on/after effective date; no later amendment identified (MSIHC-AM-5, VERIFIED_CONDITIONAL)",VERIFIED_PRIMARY_GAZETTE,Sch 3 Part I s.no.77 (Gazette 27-11-1989 pp.33-38; consolidated pp.755-760),SRC-154;SRC-155,VERIFIED
S3P1-078,Phosgene (carbonyl chloride),750 kg,750 kg,S.O. 966(E) (1989 principal),1989-11-27,PUBLICATION_DATE,"applies to any date on/after effective date; no later amendment identified (MSIHC-AM-5, VERIFIED_CONDITIONAL)",VERIFIED_PRIMARY_GAZETTE,Sch 3 Part I s.no.78 (Gazette 27-11-1989 pp.33-38; consolidated pp.755-760),SRC-154;SRC-155,VERIFIED
S3P1-079,Phosphamidon,100 kg,NOT_PRINTED,S.O. 966(E) (1989 principal),1989-11-27,PUBLICATION_DATE,"applies to any date on/after effective date; no later amendment identified (MSIHC-AM-5, VERIFIED_CONDITIONAL)",VERIFIED_PRIMARY_GAZETTE,Sch 3 Part I s.no.79 (Gazette 27-11-1989 pp.33-38; consolidated pp.755-760),SRC-154;SRC-155,VERIFIED
S3P1-080,Phosphine (Hydrogen phosphide),100 kg,NOT_PRINTED,S.O. 966(E) (1989 principal),1989-11-27,PUBLICATION_DATE,"applies to any date on/after effective date; no later amendment identified (MSIHC-AM-5, VERIFIED_CONDITIONAL)",VERIFIED_PRIMARY_GAZETTE,Sch 3 Part I s.no.80 (Gazette 27-11-1989 pp.33-38; consolidated pp.755-760),SRC-154;SRC-155,VERIFIED
S3P1-081,"Promurit (1-(3,4 dichlorophenyl)-3- triazenthiocarboxamide)",100 kg,NOT_PRINTED,S.O. 966(E) (1989 principal),1989-11-27,PUBLICATION_DATE,"applies to any date on/after effective date; no later amendment identified (MSIHC-AM-5, VERIFIED_CONDITIONAL)",VERIFIED_PRIMARY_GAZETTE,Sch 3 Part I s.no.81 (Gazette 27-11-1989 pp.33-38; consolidated pp.755-760),SRC-154;SRC-155,VERIFIED
S3P1-082,"1,3-Propanesultone",1 kg,NOT_PRINTED,S.O. 966(E) (1989 principal),1989-11-27,PUBLICATION_DATE,"applies to any date on/after effective date; no later amendment identified (MSIHC-AM-5, VERIFIED_CONDITIONAL)",VERIFIED_PRIMARY_GAZETTE,Sch 3 Part I s.no.82 (Gazette 27-11-1989 pp.33-38; consolidated pp.755-760),SRC-154;SRC-155,VERIFIED
S3P1-083,"1-Propen-2-chloro-1,3diol diacetate",10 kg,NOT_PRINTED,S.O. 966(E) (1989 principal),1989-11-27,PUBLICATION_DATE,"applies to any date on/after effective date; no later amendment identified (MSIHC-AM-5, VERIFIED_CONDITIONAL)",VERIFIED_PRIMARY_GAZETTE,Sch 3 Part I s.no.83 (Gazette 27-11-1989 pp.33-38; consolidated pp.755-760),SRC-154;SRC-155,VERIFIED
S3P1-084,Pyrazoxon,100 kg,NOT_PRINTED,S.O. 966(E) (1989 principal),1989-11-27,PUBLICATION_DATE,"applies to any date on/after effective date; no later amendment identified (MSIHC-AM-5, VERIFIED_CONDITIONAL)",VERIFIED_PRIMARY_GAZETTE,Sch 3 Part I s.no.84 (Gazette 27-11-1989 pp.33-38; consolidated pp.755-760),SRC-154;SRC-155,VERIFIED
S3P1-085,Selenium hexafluoride,10 kg,NOT_PRINTED,S.O. 966(E) (1989 principal),1989-11-27,PUBLICATION_DATE,"applies to any date on/after effective date; no later amendment identified (MSIHC-AM-5, VERIFIED_CONDITIONAL)",VERIFIED_PRIMARY_GAZETTE,Sch 3 Part I s.no.85 (Gazette 27-11-1989 pp.33-38; consolidated pp.755-760),SRC-154;SRC-155,VERIFIED
S3P1-086,Sodium selenite,100 kg,NOT_PRINTED,S.O. 966(E) (1989 principal),1989-11-27,PUBLICATION_DATE,"applies to any date on/after effective date; no later amendment identified (MSIHC-AM-5, VERIFIED_CONDITIONAL)",VERIFIED_PRIMARY_GAZETTE,Sch 3 Part I s.no.86 (Gazette 27-11-1989 pp.33-38; consolidated pp.755-760),SRC-154;SRC-155,VERIFIED
S3P1-087,Stibine (Antimony hydride),100 kg,NOT_PRINTED,S.O. 966(E) (1989 principal),1989-11-27,PUBLICATION_DATE,"applies to any date on/after effective date; no later amendment identified (MSIHC-AM-5, VERIFIED_CONDITIONAL)",VERIFIED_PRIMARY_GAZETTE,Sch 3 Part I s.no.87 (Gazette 27-11-1989 pp.33-38; consolidated pp.755-760),SRC-154;SRC-155,VERIFIED
S3P1-088,Sulfotep,100 kg,NOT_PRINTED,S.O. 966(E) (1989 principal),1989-11-27,PUBLICATION_DATE,"applies to any date on/after effective date; no later amendment identified (MSIHC-AM-5, VERIFIED_CONDITIONAL)",VERIFIED_PRIMARY_GAZETTE,Sch 3 Part I s.no.88 (Gazette 27-11-1989 pp.33-38; consolidated pp.755-760),SRC-154;SRC-155,VERIFIED
S3P1-089,Sulphur dichloride,1 t,NOT_PRINTED,S.O. 966(E) (1989 principal),1989-11-27,PUBLICATION_DATE,"applies to any date on/after effective date; no later amendment identified (MSIHC-AM-5, VERIFIED_CONDITIONAL)",VERIFIED_PRIMARY_GAZETTE,Sch 3 Part I s.no.89 (Gazette 27-11-1989 pp.33-38; consolidated pp.755-760),SRC-154;SRC-155,VERIFIED
S3P1-090,Tellurium hexafluoride,100 kg,NOT_PRINTED,S.O. 966(E) (1989 principal),1989-11-27,PUBLICATION_DATE,"applies to any date on/after effective date; no later amendment identified (MSIHC-AM-5, VERIFIED_CONDITIONAL)",VERIFIED_PRIMARY_GAZETTE,Sch 3 Part I s.no.90 (Gazette 27-11-1989 pp.33-38; consolidated pp.755-760),SRC-154;SRC-155,VERIFIED
S3P1-091,TEPP,100 kg,NOT_PRINTED,S.O. 966(E) (1989 principal),1989-11-27,PUBLICATION_DATE,"applies to any date on/after effective date; no later amendment identified (MSIHC-AM-5, VERIFIED_CONDITIONAL)",VERIFIED_PRIMARY_GAZETTE,Sch 3 Part I s.no.91 (Gazette 27-11-1989 pp.33-38; consolidated pp.755-760),SRC-154;SRC-155,VERIFIED
S3P1-092,"2,3,7,8,-Tetrachlorodibenzo-p-dioxin (TCDD)",1 kg,NOT_PRINTED,S.O. 966(E) (1989 principal),1989-11-27,PUBLICATION_DATE,"applies to any date on/after effective date; no later amendment identified (MSIHC-AM-5, VERIFIED_CONDITIONAL)",VERIFIED_PRIMARY_GAZETTE,Sch 3 Part I s.no.92 (Gazette 27-11-1989 pp.33-38; consolidated pp.755-760),SRC-154;SRC-155,VERIFIED
S3P1-093,Tetramethylenedisulphotetramine,1 kg,NOT_PRINTED,S.O. 966(E) (1989 principal),1989-11-27,PUBLICATION_DATE,"applies to any date on/after effective date; no later amendment identified (MSIHC-AM-5, VERIFIED_CONDITIONAL)",VERIFIED_PRIMARY_GAZETTE,Sch 3 Part I s.no.93 (Gazette 27-11-1989 pp.33-38; consolidated pp.755-760),SRC-154;SRC-155,VERIFIED
S3P1-094,Thionazin,100 kg,NOT_PRINTED,S.O. 966(E) (1989 principal),1989-11-27,PUBLICATION_DATE,"applies to any date on/after effective date; no later amendment identified (MSIHC-AM-5, VERIFIED_CONDITIONAL)",VERIFIED_PRIMARY_GAZETTE,Sch 3 Part I s.no.94 (Gazette 27-11-1989 pp.33-38; consolidated pp.755-760),SRC-154;SRC-155,VERIFIED
S3P1-095,"Tirpate (2,4-Dimethyl-1,3-dithiolane-2- carboxaldehyde O-met",100 kg,NOT_PRINTED,S.O. 966(E) (1989 principal),1989-11-27,PUBLICATION_DATE,"applies to any date on/after effective date; no later amendment identified (MSIHC-AM-5, VERIFIED_CONDITIONAL)",VERIFIED_PRIMARY_GAZETTE,Sch 3 Part I s.no.95 (Gazette 27-11-1989 pp.33-38; consolidated pp.755-760),SRC-154;SRC-155,VERIFIED
S3P1-096,Trichloromethanesulphonyl chloride,100 kg,NOT_PRINTED,S.O. 966(E) (1989 principal),1989-11-27,PUBLICATION_DATE,"applies to any date on/after effective date; no later amendment identified (MSIHC-AM-5, VERIFIED_CONDITIONAL)",VERIFIED_PRIMARY_GAZETTE,Sch 3 Part I s.no.96 (Gazette 27-11-1989 pp.33-38; consolidated pp.755-760),SRC-154;SRC-155,VERIFIED
S3P1-097,"1-Tri (cyclohexyl) stannyl 1H-1,2,4- Triazole",100 kg,NOT_PRINTED,S.O. 966(E) (1989 principal),1989-11-27,PUBLICATION_DATE,"applies to any date on/after effective date; no later amendment identified (MSIHC-AM-5, VERIFIED_CONDITIONAL)",VERIFIED_PRIMARY_GAZETTE,Sch 3 Part I s.no.97 (Gazette 27-11-1989 pp.33-38; consolidated pp.755-760),SRC-154;SRC-155,VERIFIED
S3P1-098,Triethylenemelamine,10 kg,NOT_PRINTED,S.O. 966(E) (1989 principal),1989-11-27,PUBLICATION_DATE,"applies to any date on/after effective date; no later amendment identified (MSIHC-AM-5, VERIFIED_CONDITIONAL)",VERIFIED_PRIMARY_GAZETTE,Sch 3 Part I s.no.98 (Gazette 27-11-1989 pp.33-38; consolidated pp.755-760),SRC-154;SRC-155,VERIFIED
S3P1-099,Warfarin,100 kg,NOT_PRINTED,S.O. 966(E) (1989 principal),1989-11-27,PUBLICATION_DATE,"applies to any date on/after effective date; no later amendment identified (MSIHC-AM-5, VERIFIED_CONDITIONAL)",VERIFIED_PRIMARY_GAZETTE,SRC-154 Sch 3 Part I s.no.99; SRC-167 p.748-751 s.no.99 'Warfarin 100 kg 81-81-2',SRC-154;SRC-167;SRC-155,VERIFIED
S3P1-100,kg 81-81-2 GROUP -2 TOXIC SUBSTANCES 100 Acetone cyanohydrin,200 t,NOT_PRINTED,S.O. 966(E) (1989 principal),1989-11-27,PUBLICATION_DATE,"applies to any date on/after effective date; no later amendment identified (MSIHC-AM-5, VERIFIED_CONDITIONAL)",VERIFIED_PRIMARY_GAZETTE,Sch 3 Part I s.no.100 (Gazette 27-11-1989 pp.33-38; consolidated pp.755-760),SRC-154;SRC-155,VERIFIED
S3P1-101,Acrolein (2-Propenal),20 t,200 t,S.O. 2882 (1994),1994-10-03,NOTIFICATION_DATE (1994 commencement clause not read),"applies to any date on/after effective date; no later amendment identified (MSIHC-AM-5, VERIFIED_CONDITIONAL)",VERIFIED_T1_CONSOLIDATED,"SRC-167 Sch 3 Part I s.no.101 col 4 bracket '1[200 t]'; footnote 1 p.752: 'Inserted by Rule14 (a to h) of MSIHC (Amendment) Rules, 1994 ... S.O.2882, dated 3.10",SRC-154;SRC-167;SRC-155,VERIFIED
S3P1-102,Acrylonitrile,20 t,200 t,S.O. 966(E) (1989 principal),1989-11-27,PUBLICATION_DATE,"applies to any date on/after effective date; no later amendment identified (MSIHC-AM-5, VERIFIED_CONDITIONAL)",VERIFIED_PRIMARY_GAZETTE,Sch 3 Part I s.no.102 (Gazette 27-11-1989 pp.33-38; consolidated pp.755-760),SRC-154;SRC-155,VERIFIED
S3P1-103,Allyl alcohol (Propen-1-ol),200 t,NOT_PRINTED,S.O. 966(E) (1989 principal),1989-11-27,PUBLICATION_DATE,"applies to any date on/after effective date; no later amendment identified (MSIHC-AM-5, VERIFIED_CONDITIONAL)",VERIFIED_PRIMARY_GAZETTE,Sch 3 Part I s.no.103 (Gazette 27-11-1989 pp.33-38; consolidated pp.755-760),SRC-154;SRC-155,VERIFIED
S3P1-104,Alylamine,200 t,NOT_PRINTED,S.O. 966(E) (1989 principal),1989-11-27,PUBLICATION_DATE,"applies to any date on/after effective date; no later amendment identified (MSIHC-AM-5, VERIFIED_CONDITIONAL)",VERIFIED_PRIMARY_GAZETTE,Sch 3 Part I s.no.104 (Gazette 27-11-1989 pp.33-38; consolidated pp.755-760),SRC-154;SRC-155,VERIFIED
S3P1-105,Ammonia,50 t,500 t,S.O. 966(E) (1989 principal),1989-11-27,PUBLICATION_DATE,"applies to any date on/after effective date; no later amendment identified (MSIHC-AM-5, VERIFIED_CONDITIONAL)",VERIFIED_PRIMARY_GAZETTE,Sch 3 Part I s.no.105 (Gazette 27-11-1989 pp.33-38; consolidated pp.755-760),SRC-154;SRC-155,VERIFIED
S3P1-106,Bromine,40 t,500 t,S.O. 2882 (1994),1994-10-03,NOTIFICATION_DATE (1994 commencement clause not read),"applies to any date on/after effective date; no later amendment identified (MSIHC-AM-5, VERIFIED_CONDITIONAL)",VERIFIED_T1_CONSOLIDATED,"SRC-167 Sch 3 Part I s.no.106 col 4 bracket '1[500 t]'; footnote 1 p.752: 'Inserted by Rule14 (a to h) of MSIHC (Amendment) Rules, 1994 ... S.O.2882, dated 3.10",SRC-154;SRC-167;SRC-155,VERIFIED
S3P1-107,Carbon disulphide,20 t,200 t,S.O. 966(E) (1989 principal),1989-11-27,PUBLICATION_DATE,"applies to any date on/after effective date; no later amendment identified (MSIHC-AM-5, VERIFIED_CONDITIONAL)",VERIFIED_PRIMARY_GAZETTE,Sch 3 Part I s.no.107 (Gazette 27-11-1989 pp.33-38; consolidated pp.755-760),SRC-154;SRC-155,VERIFIED
S3P1-108,Chlorine,10 t,25 t,S.O. 966(E) (1989 principal),1989-11-27,PUBLICATION_DATE,"applies to any date on/after effective date; no later amendment identified (MSIHC-AM-5, VERIFIED_CONDITIONAL)",VERIFIED_PRIMARY_GAZETTE,Sch 3 Part I s.no.108 (Gazette 27-11-1989 pp.33-38; consolidated pp.755-760),SRC-154;SRC-155,VERIFIED
S3P1-109,Diphneyl ethane di-isocynate (MDI),20 t,200 t,S.O. 2882 (1994),1994-10-03,NOTIFICATION_DATE (1994 commencement clause not read),"applies to any date on/after effective date; no later amendment identified (MSIHC-AM-5, VERIFIED_CONDITIONAL)",VERIFIED_T1_CONSOLIDATED,"SRC-167 Sch 3 Part I s.no.109 col 4 bracket '1[200 t]'; footnote 1 p.752: 'Inserted by Rule14 (a to h) of MSIHC (Amendment) Rules, 1994 ... S.O.2882, dated 3.10",SRC-154;SRC-167;SRC-155,VERIFIED
S3P1-110,"Ethylene dibromide (1,2- Dibromoethane)",5 t,50 t,S.O. 2882 (1994),1994-10-03,NOTIFICATION_DATE (1994 commencement clause not read),"applies to any date on/after effective date; no later amendment identified (MSIHC-AM-5, VERIFIED_CONDITIONAL)",VERIFIED_T1_CONSOLIDATED,"SRC-167 Sch 3 Part I s.no.110 col 4 bracket '1[50 t]'; footnote 1 p.752: 'Inserted by Rule14 (a to h) of MSIHC (Amendment) Rules, 1994 ... S.O.2882, dated 3.10.",SRC-154;SRC-167;SRC-155,VERIFIED
S3P1-111,Ethyleneimine,5 t,NOT_PRINTED,S.O. 966(E) (1989 principal),1989-11-27,PUBLICATION_DATE,"applies to any date on/after effective date; no later amendment identified (MSIHC-AM-5, VERIFIED_CONDITIONAL)",REQUIRES_OFFICIAL_CONFIRMATION,Sch 3 Part I s.no.111 (Gazette 27-11-1989 pp.33-38; consolidated pp.755-760),SRC-154;SRC-155,REQUIRES_OFFICIAL_CONFIRMATION
S3P1-112,Formaldehyde (concentration <90%),5 t,50 t,S.O. 2882 (1994),1994-10-03,NOTIFICATION_DATE (1994 commencement clause not read),"applies to any date on/after effective date; no later amendment identified (MSIHC-AM-5, VERIFIED_CONDITIONAL)",VERIFIED_T1_CONSOLIDATED,"SRC-167 Sch 3 Part I s.no.112 col 4 bracket '1[50 t]'; footnote 1 p.752: 'Inserted by Rule14 (a to h) of MSIHC (Amendment) Rules, 1994 ... S.O.2882, dated 3.10.",SRC-154;SRC-167;SRC-155,VERIFIED
S3P1-113,Hydrogen chloride (liquified gas),25 t,250 t,S.O. 966(E) (1989 principal),1989-11-27,PUBLICATION_DATE,"applies to any date on/after effective date; no later amendment identified (MSIHC-AM-5, VERIFIED_CONDITIONAL)",VERIFIED_PRIMARY_GAZETTE,Sch 3 Part I s.no.113 (Gazette 27-11-1989 pp.33-38; consolidated pp.755-760),SRC-154;SRC-155,VERIFIED
S3P1-114,Hydrogen cyanide,5 t,20 t,S.O. 966(E) (1989 principal),1989-11-27,PUBLICATION_DATE,"applies to any date on/after effective date; no later amendment identified (MSIHC-AM-5, VERIFIED_CONDITIONAL)",VERIFIED_PRIMARY_GAZETTE,Sch 3 Part I s.no.114 (Gazette 27-11-1989 pp.33-38; consolidated pp.755-760),SRC-154;SRC-155,VERIFIED
S3P1-115,Hydrogen fluoride,5 t,50 t,S.O. 966(E) (1989 principal),1989-11-27,PUBLICATION_DATE,"applies to any date on/after effective date; no later amendment identified (MSIHC-AM-5, VERIFIED_CONDITIONAL)",VERIFIED_PRIMARY_GAZETTE,Sch 3 Part I s.no.115 (Gazette 27-11-1989 pp.33-38; consolidated pp.755-760),SRC-154;SRC-155,VERIFIED
S3P1-116,Hydrogen sulphide,5 t,50 t,S.O. 966(E) (1989 principal),1989-11-27,PUBLICATION_DATE,"applies to any date on/after effective date; no later amendment identified (MSIHC-AM-5, VERIFIED_CONDITIONAL)",VERIFIED_PRIMARY_GAZETTE,Sch 3 Part I s.no.116 (Gazette 27-11-1989 pp.33-38; consolidated pp.755-760),SRC-154;SRC-155,VERIFIED
S3P1-117,Methyl bromide (Bromomethane),20 t,200 t,S.O. 2882 (1994),1994-10-03,NOTIFICATION_DATE (1994 commencement clause not read),"applies to any date on/after effective date; no later amendment identified (MSIHC-AM-5, VERIFIED_CONDITIONAL)",VERIFIED_T1_CONSOLIDATED,"SRC-167 Sch 3 Part I s.no.117 col 4 bracket '1[200 t]'; footnote 1 p.752: 'Inserted by Rule14 (a to h) of MSIHC (Amendment) Rules, 1994 ... S.O.2882, dated 3.10",SRC-154;SRC-167;SRC-155,VERIFIED
S3P1-118,Nitrogen oxides,50 t,NOT_PRINTED,S.O. 966(E) (1989 principal),1989-11-27,PUBLICATION_DATE,"applies to any date on/after effective date; no later amendment identified (MSIHC-AM-5, VERIFIED_CONDITIONAL)",VERIFIED_PRIMARY_GAZETTE,Sch 3 Part I s.no.118 (Gazette 27-11-1989 pp.33-38; consolidated pp.755-760),SRC-154;SRC-155,VERIFIED
S3P1-119,Propylineimine,50 t,NOT_PRINTED,S.O. 966(E) (1989 principal),1989-11-27,PUBLICATION_DATE,"applies to any date on/after effective date; no later amendment identified (MSIHC-AM-5, VERIFIED_CONDITIONAL)",VERIFIED_PRIMARY_GAZETTE,Sch 3 Part I s.no.119 (Gazette 27-11-1989 pp.33-38; consolidated pp.755-760),SRC-154;SRC-155,VERIFIED
S3P1-120,Sulphur dioxide,20 t,250 t,S.O. 966(E) (1989 principal),1989-11-27,PUBLICATION_DATE,"applies to any date on/after effective date; no later amendment identified (MSIHC-AM-5, VERIFIED_CONDITIONAL)",VERIFIED_PRIMARY_GAZETTE,Sch 3 Part I s.no.120 (Gazette 27-11-1989 pp.33-38; consolidated pp.755-760),SRC-154;SRC-155,VERIFIED
S3P1-121,Sulphur trioxide,15 t,75 t,S.O. 966(E) (1989 principal),1989-11-27,PUBLICATION_DATE,"applies to any date on/after effective date; no later amendment identified (MSIHC-AM-5, VERIFIED_CONDITIONAL)",VERIFIED_PRIMARY_GAZETTE,Sch 3 Part I s.no.121 (Gazette 27-11-1989 pp.33-38; consolidated pp.755-760),SRC-154;SRC-155,VERIFIED
S3P1-122,Tetraethyl lead,5 t,200 t,S.O. 2882 (1994),1994-10-03,NOTIFICATION_DATE (1994 commencement clause not read),"applies to any date on/after effective date; no later amendment identified (MSIHC-AM-5, VERIFIED_CONDITIONAL)",VERIFIED_T1_CONSOLIDATED,"SRC-167 Sch 3 Part I s.no.122 col 4 bracket '2[200 t]'; footnote 2 p.752: 'Inserted by Rule14 (a to h) of MSIHC (Amendment) Rules, 1994 ... S.O.2882, dated 3.10",SRC-154;SRC-167;SRC-155,VERIFIED
S3P1-123,Tetra methyl lead,5 t,100 t,S.O. 2882 (1994),1994-10-03,NOTIFICATION_DATE (1994 commencement clause not read),"applies to any date on/after effective date; no later amendment identified (MSIHC-AM-5, VERIFIED_CONDITIONAL)",VERIFIED_T1_CONSOLIDATED,"SRC-167 Sch 3 Part I s.no.123 col 4 bracket '1[100 t]'; footnote 1 p.752: 'Inserted by Rule14 (a to h) of MSIHC (Amendment) Rules, 1994 ... S.O.2882, dated 3.10",SRC-154;SRC-167;SRC-155,VERIFIED
S3P1-124,Toluene di-isocynate (TDI),10 t,NOT_PRINTED,S.O. 966(E) (1989 principal),1989-11-27,PUBLICATION_DATE,"applies to any date on/after effective date; no later amendment identified (MSIHC-AM-5, VERIFIED_CONDITIONAL)",VERIFIED_PRIMARY_GAZETTE,Sch 3 Part I s.no.124 (Gazette 27-11-1989 pp.33-38; consolidated pp.755-760),SRC-154;SRC-155,VERIFIED
S3P1-125,Acetylene (ethyne),5 t,NOT_PRINTED,S.O. 966(E) (1989 principal),1989-11-27,PUBLICATION_DATE,"applies to any date on/after effective date; no later amendment identified (MSIHC-AM-5, VERIFIED_CONDITIONAL)",VERIFIED_PRIMARY_GAZETTE,Sch 3 Part I s.no.125 (Gazette 27-11-1989 pp.33-38; consolidated pp.755-760),SRC-154;SRC-155,VERIFIED
S3P1-126,a. Ammonium nitrate (1) b. Ammonium nitrate in form of ferti,"350 t (a: ammonium nitrate, note 1); 1250 t (b: AN fertilise",2500 t (a),S.O. 966(E) (1989 principal),1989-11-27,PUBLICATION_DATE,"applies to any date on/after effective date; no later amendment identified (MSIHC-AM-5, VERIFIED_CONDITIONAL)",VERIFIED_PRIMARY_GAZETTE,Sch 3 Part I s.no.126 (Gazette 27-11-1989 pp.33-38; consolidated pp.755-760),SRC-154;SRC-155,VERIFIED
S3P1-127,"2,2 Bis (tert-butylperoxy) butane) (concentration >70%)",5 t,NOT_PRINTED,S.O. 966(E) (1989 principal),1989-11-27,PUBLICATION_DATE,"applies to any date on/after effective date; no later amendment identified (MSIHC-AM-5, VERIFIED_CONDITIONAL)",VERIFIED_PRIMARY_GAZETTE,Sch 3 Part I s.no.127 (Gazette 27-11-1989 pp.33-38; consolidated pp.755-760),SRC-154;SRC-155,VERIFIED
S3P1-128,"1, 1-Bis(tert-butylperoxy) cyclohexane (concentration > 80%)",5 t,NOT_PRINTED,S.O. 966(E) (1989 principal),1989-11-27,PUBLICATION_DATE,"applies to any date on/after effective date; no later amendment identified (MSIHC-AM-5, VERIFIED_CONDITIONAL)",VERIFIED_PRIMARY_GAZETTE,Sch 3 Part I s.no.128 (Gazette 27-11-1989 pp.33-38; consolidated pp.755-760),SRC-154;SRC-155,VERIFIED
S3P1-129,tert-Butyle proxyacetate (concentration ≤70% ),5 t,NOT_PRINTED,S.O. 966(E) (1989 principal),1989-11-27,PUBLICATION_DATE,"applies to any date on/after effective date; no later amendment identified (MSIHC-AM-5, VERIFIED_CONDITIONAL)",VERIFIED_PRIMARY_GAZETTE,Sch 3 Part I s.no.129 (Gazette 27-11-1989 pp.33-38; consolidated pp.755-760),SRC-154;SRC-155,VERIFIED
S3P1-130,tert-Butyle peroxy isobutyrate (concentration >80%),5 t,NOT_PRINTED,S.O. 966(E) (1989 principal),1989-11-27,PUBLICATION_DATE,"applies to any date on/after effective date; no later amendment identified (MSIHC-AM-5, VERIFIED_CONDITIONAL)",VERIFIED_PRIMARY_GAZETTE,Sch 3 Part I s.no.130 (Gazette 27-11-1989 pp.33-38; consolidated pp.755-760),SRC-154;SRC-155,VERIFIED
S3P1-131,Tert-Butyl peroxy isopropyl carbonate (concentration ≥80%),5 t,NOT_PRINTED,S.O. 966(E) (1989 principal),1989-11-27,PUBLICATION_DATE,"applies to any date on/after effective date; no later amendment identified (MSIHC-AM-5, VERIFIED_CONDITIONAL)",VERIFIED_PRIMARY_GAZETTE,Sch 3 Part I s.no.131 (Gazette 27-11-1989 pp.33-38; consolidated pp.755-760),SRC-154;SRC-155,VERIFIED
S3P1-132,Tert-Butyl peroxymaletate (concentration ≥80%),5 t,NOT_PRINTED,S.O. 966(E) (1989 principal),1989-11-27,PUBLICATION_DATE,"applies to any date on/after effective date; no later amendment identified (MSIHC-AM-5, VERIFIED_CONDITIONAL)",VERIFIED_PRIMARY_GAZETTE,Sch 3 Part I s.no.132 (Gazette 27-11-1989 pp.33-38; consolidated pp.755-760),SRC-154;SRC-155,VERIFIED
S3P1-133,Tert-Butyl peroxypivalate (concentration ≥77%),50 t,NOT_PRINTED,S.O. 966(E) (1989 principal),1989-11-27,PUBLICATION_DATE,"applies to any date on/after effective date; no later amendment identified (MSIHC-AM-5, VERIFIED_CONDITIONAL)",VERIFIED_PRIMARY_GAZETTE,Sch 3 Part I s.no.133 (Gazette 27-11-1989 pp.33-38; consolidated pp.755-760),SRC-154;SRC-155,VERIFIED
S3P1-134,Dibenzyl peroxydicarbonate (concentration≥90%),5 t,NOT_PRINTED,S.O. 966(E) (1989 principal),1989-11-27,PUBLICATION_DATE,"applies to any date on/after effective date; no later amendment identified (MSIHC-AM-5, VERIFIED_CONDITIONAL)",VERIFIED_PRIMARY_GAZETTE,Sch 3 Part I s.no.134 (Gazette 27-11-1989 pp.33-38; consolidated pp.755-760),SRC-154;SRC-155,VERIFIED
S3P1-135,Di-sec-butyl peroxydicarbonate (concentration ≥80%),5 t,NOT_PRINTED,S.O. 966(E) (1989 principal),1989-11-27,PUBLICATION_DATE,"applies to any date on/after effective date; no later amendment identified (MSIHC-AM-5, VERIFIED_CONDITIONAL)",VERIFIED_PRIMARY_GAZETTE,Sch 3 Part I s.no.135 (Gazette 27-11-1989 pp.33-38; consolidated pp.755-760),SRC-154;SRC-155,VERIFIED
S3P1-136,Diethyl peroxydicarbonate (concentration ≥30% ),50 t,NOT_PRINTED,S.O. 966(E) (1989 principal),1989-11-27,PUBLICATION_DATE,"applies to any date on/after effective date; no later amendment identified (MSIHC-AM-5, VERIFIED_CONDITIONAL)",VERIFIED_PRIMARY_GAZETTE,Sch 3 Part I s.no.136 (Gazette 27-11-1989 pp.33-38; consolidated pp.755-760),SRC-154;SRC-155,VERIFIED
S3P1-137,"2,2-dihydroperoxypropane (concentration≥30%)",5 t,NOT_PRINTED,S.O. 966(E) (1989 principal),1989-11-27,PUBLICATION_DATE,"applies to any date on/after effective date; no later amendment identified (MSIHC-AM-5, VERIFIED_CONDITIONAL)",VERIFIED_PRIMARY_GAZETTE,Sch 3 Part I s.no.137 (Gazette 27-11-1989 pp.33-38; consolidated pp.755-760),SRC-154;SRC-155,VERIFIED
S3P1-138,di-isobutyrl peroxide (concentration ≥50%),50 t,NOT_PRINTED,S.O. 966(E) (1989 principal),1989-11-27,PUBLICATION_DATE,"applies to any date on/after effective date; no later amendment identified (MSIHC-AM-5, VERIFIED_CONDITIONAL)",VERIFIED_PRIMARY_GAZETTE,Sch 3 Part I s.no.138 (Gazette 27-11-1989 pp.33-38; consolidated pp.755-760),SRC-154;SRC-155,VERIFIED
S3P1-139,Di-n-propyl peroxydicarbonate (concentration≥80%),5 t,NOT_PRINTED,S.O. 966(E) (1989 principal),1989-11-27,PUBLICATION_DATE,"applies to any date on/after effective date; no later amendment identified (MSIHC-AM-5, VERIFIED_CONDITIONAL)",VERIFIED_PRIMARY_GAZETTE,Sch 3 Part I s.no.139 (Gazette 27-11-1989 pp.33-38; consolidated pp.755-760),SRC-154;SRC-155,VERIFIED
S3P1-140,Ethyene oxide,5 t,50 t,S.O. 966(E) (1989 principal),1989-11-27,PUBLICATION_DATE,"applies to any date on/after effective date; no later amendment identified (MSIHC-AM-5, VERIFIED_CONDITIONAL)",VERIFIED_PRIMARY_GAZETTE,Sch 3 Part I s.no.140 (Gazette 27-11-1989 pp.33-38; consolidated pp.755-760),SRC-154;SRC-155,VERIFIED
S3P1-141,Ethyl nitrate,50 t,NOT_PRINTED,S.O. 966(E) (1989 principal),1989-11-27,PUBLICATION_DATE,"applies to any date on/after effective date; no later amendment identified (MSIHC-AM-5, VERIFIED_CONDITIONAL)",VERIFIED_PRIMARY_GAZETTE,Sch 3 Part I s.no.141 (Gazette 27-11-1989 pp.33-38; consolidated pp.755-760),SRC-154;SRC-155,VERIFIED
S3P1-142,"3,3,6,6,9,9 Hexamethyl - 1,2,4 5-tert oxacyclononane (concen",50 t,NOT_PRINTED,S.O. 966(E) (1989 principal),1989-11-27,PUBLICATION_DATE,"applies to any date on/after effective date; no later amendment identified (MSIHC-AM-5, VERIFIED_CONDITIONAL)",VERIFIED_PRIMARY_GAZETTE,Sch 3 Part I s.no.142 (Gazette 27-11-1989 pp.33-38; consolidated pp.755-760),SRC-154;SRC-155,VERIFIED
S3P1-143,Hydrogen,2 t,50 t,S.O. 966(E) (1989 principal),1989-11-27,PUBLICATION_DATE,"applies to any date on/after effective date; no later amendment identified (MSIHC-AM-5, VERIFIED_CONDITIONAL)",VERIFIED_PRIMARY_GAZETTE,Sch 3 Part I s.no.143 (Gazette 27-11-1989 pp.33-38; consolidated pp.755-760),SRC-154;SRC-155,VERIFIED
S3P1-144,Liquid Oxygen,200 t,2000 t,S.O. 2882 (1994),1994-10-03,NOTIFICATION_DATE (1994 commencement clause not read),"applies to any date on/after effective date; no later amendment identified (MSIHC-AM-5, VERIFIED_CONDITIONAL)",VERIFIED_T1_CONSOLIDATED,"SRC-167 Sch 3 Part I s.no.144 col 4 bracket '1[2000 t]'; footnote 1 p.752: 'Inserted by Rule14 (a to h) of MSIHC (Amendment) Rules, 1994 ... S.O.2882, dated 3.1",SRC-154;SRC-167;SRC-155,VERIFIED
S3P1-145,Methyl ethyl ketone peroxide (concentration ≥60%),5 t,NOT_PRINTED,S.O. 966(E) (1989 principal),1989-11-27,PUBLICATION_DATE,"applies to any date on/after effective date; no later amendment identified (MSIHC-AM-5, VERIFIED_CONDITIONAL)",VERIFIED_PRIMARY_GAZETTE,Sch 3 Part I s.no.145 (Gazette 27-11-1989 pp.33-38; consolidated pp.755-760),SRC-154;SRC-155,VERIFIED
S3P1-146,Methyl isobutyl ketone peroxide (concentration ≥60%),50 t,NOT_PRINTED,S.O. 966(E) (1989 principal),1989-11-27,PUBLICATION_DATE,"applies to any date on/after effective date; no later amendment identified (MSIHC-AM-5, VERIFIED_CONDITIONAL)",VERIFIED_PRIMARY_GAZETTE,Sch 3 Part I s.no.146 (Gazette 27-11-1989 pp.33-38; consolidated pp.755-760),SRC-154;SRC-155,VERIFIED
S3P1-147,Peracetic acid (concentration ≥60%),50 t,NOT_PRINTED,S.O. 966(E) (1989 principal),1989-11-27,PUBLICATION_DATE,"applies to any date on/after effective date; no later amendment identified (MSIHC-AM-5, VERIFIED_CONDITIONAL)",VERIFIED_PRIMARY_GAZETTE,Sch 3 Part I s.no.147 (Gazette 27-11-1989 pp.33-38; consolidated pp.755-760),SRC-154;SRC-155,VERIFIED
S3P1-148,Propylene oxide,5 t,50 t,S.O. 2882 (1994),1994-10-03,NOTIFICATION_DATE (1994 commencement clause not read),"applies to any date on/after effective date; no later amendment identified (MSIHC-AM-5, VERIFIED_CONDITIONAL)",VERIFIED_T1_CONSOLIDATED,"SRC-167 Sch 3 Part I s.no.148 col 4 bracket '1[50 t]'; footnote 1 p.752: 'Inserted by Rule14 (a to h) of MSIHC (Amendment) Rules, 1994 ... S.O.2882, dated 3.10.",SRC-154;SRC-167;SRC-155,VERIFIED
S3P1-149,Sodium chlorate,25 t,NOT_PRINTED,S.O. 966(E) (1989 principal),1989-11-27,PUBLICATION_DATE,"applies to any date on/after effective date; no later amendment identified (MSIHC-AM-5, VERIFIED_CONDITIONAL)",VERIFIED_PRIMARY_GAZETTE,Sch 3 Part I s.no.149 (Gazette 27-11-1989 pp.33-38; consolidated pp.755-760),SRC-154;SRC-155,VERIFIED
S3P1-150,Barium azide,100 kg,NOT_PRINTED,S.O. 57(E) (2000),2000-01-20,PUBLICATION_DATE,"applies to any date on/after effective date; no later amendment identified (MSIHC-AM-5, VERIFIED_CONDITIONAL)",VERIFIED_PRIMARY_GAZETTE,Sch 3 Part I s.no.150 (Gazette 27-11-1989 pp.33-38; consolidated pp.755-760),SRC-154;SRC-155;SRC-156;SRC-157,VERIFIED
S3P1-151,"Bis(2,4,6 -trinitrophenyl) amine",50 t,NOT_PRINTED,S.O. 966(E) (1989 principal),1989-11-27,PUBLICATION_DATE,"applies to any date on/after effective date; no later amendment identified (MSIHC-AM-5, VERIFIED_CONDITIONAL)",VERIFIED_PRIMARY_GAZETTE,Sch 3 Part I s.no.151 (Gazette 27-11-1989 pp.33-38; consolidated pp.755-760),SRC-154;SRC-155,VERIFIED
S3P1-152,Chlorotrinitro benzene,50 t,NOT_PRINTED,S.O. 966(E) (1989 principal),1989-11-27,PUBLICATION_DATE,"applies to any date on/after effective date; no later amendment identified (MSIHC-AM-5, VERIFIED_CONDITIONAL)",VERIFIED_PRIMARY_GAZETTE,Sch 3 Part I s.no.152 (Gazette 27-11-1989 pp.33-38; consolidated pp.755-760),SRC-154;SRC-155,VERIFIED
S3P1-153,Cellulose nitrate (containing 12.6% Nitrogen),50 t,NOT_PRINTED,S.O. 966(E) (1989 principal),1989-11-27,PUBLICATION_DATE,"applies to any date on/after effective date; no later amendment identified (MSIHC-AM-5, VERIFIED_CONDITIONAL)",VERIFIED_PRIMARY_GAZETTE,Sch 3 Part I s.no.153 (Gazette 27-11-1989 pp.33-38; consolidated pp.755-760),SRC-154;SRC-155,VERIFIED
S3P1-154,Cyclotetramethyleneteranitramine,50 t,NOT_PRINTED,S.O. 966(E) (1989 principal),1989-11-27,PUBLICATION_DATE,"applies to any date on/after effective date; no later amendment identified (MSIHC-AM-5, VERIFIED_CONDITIONAL)",VERIFIED_PRIMARY_GAZETTE,Sch 3 Part I s.no.154 (Gazette 27-11-1989 pp.33-38; consolidated pp.755-760),SRC-154;SRC-155,VERIFIED
S3P1-155,Cyclotrimethylenetiraniramine,50 t,NOT_PRINTED,S.O. 966(E) (1989 principal),1989-11-27,PUBLICATION_DATE,"applies to any date on/after effective date; no later amendment identified (MSIHC-AM-5, VERIFIED_CONDITIONAL)",VERIFIED_PRIMARY_GAZETTE,Sch 3 Part I s.no.155 (Gazette 27-11-1989 pp.33-38; consolidated pp.755-760),SRC-154;SRC-155,VERIFIED
S3P1-156,Diazodinitrophenol,10 t,NOT_PRINTED,S.O. 966(E) (1989 principal),1989-11-27,PUBLICATION_DATE,"applies to any date on/after effective date; no later amendment identified (MSIHC-AM-5, VERIFIED_CONDITIONAL)",VERIFIED_PRIMARY_GAZETTE,Sch 3 Part I s.no.156 (Gazette 27-11-1989 pp.33-38; consolidated pp.755-760),SRC-154;SRC-155,VERIFIED
S3P1-157,Diethylene glycol dinitrate,10 t,NOT_PRINTED,S.O. 966(E) (1989 principal),1989-11-27,PUBLICATION_DATE,"applies to any date on/after effective date; no later amendment identified (MSIHC-AM-5, VERIFIED_CONDITIONAL)",VERIFIED_PRIMARY_GAZETTE,Sch 3 Part I s.no.157 (Gazette 27-11-1989 pp.33-38; consolidated pp.755-760),SRC-154;SRC-155,VERIFIED
S3P1-158,"Dinitrophenol, salts",50 t,NOT_PRINTED,S.O. 966(E) (1989 principal),1989-11-27,PUBLICATION_DATE,"applies to any date on/after effective date; no later amendment identified (MSIHC-AM-5, VERIFIED_CONDITIONAL)",VERIFIED_PRIMARY_GAZETTE,Sch 3 Part I s.no.158 (Gazette 27-11-1989 pp.33-38; consolidated pp.755-760),SRC-154;SRC-155,VERIFIED
S3P1-159,Enthylene glycol dinitrate,10 t,NOT_PRINTED,S.O. 966(E) (1989 principal),1989-11-27,PUBLICATION_DATE,"applies to any date on/after effective date; no later amendment identified (MSIHC-AM-5, VERIFIED_CONDITIONAL)",VERIFIED_PRIMARY_GAZETTE,Sch 3 Part I s.no.159 (Gazette 27-11-1989 pp.33-38; consolidated pp.755-760),SRC-154;SRC-155,VERIFIED
S3P1-160,1-Gyanyl-4-nitrosaminoguanyl-1- tetrazene,100 kg,NOT_PRINTED,S.O. 57(E) (2000),2000-01-20,PUBLICATION_DATE,"applies to any date on/after effective date; no later amendment identified (MSIHC-AM-5, VERIFIED_CONDITIONAL)",VERIFIED_PRIMARY_GAZETTE,Sch 3 Part I s.no.160 (Gazette 27-11-1989 pp.33-38; consolidated pp.755-760),SRC-154;SRC-155;SRC-156;SRC-157,VERIFIED
S3P1-161,"2, 2, 4, 4, 6, 6, -Hexanitositibene",50 t,NOT_PRINTED,S.O. 966(E) (1989 principal),1989-11-27,PUBLICATION_DATE,"applies to any date on/after effective date; no later amendment identified (MSIHC-AM-5, VERIFIED_CONDITIONAL)",VERIFIED_PRIMARY_GAZETTE,Sch 3 Part I s.no.161 (Gazette 27-11-1989 pp.33-38; consolidated pp.755-760),SRC-154;SRC-155,VERIFIED
S3P1-162,Hydrazine nitrate,50 t,NOT_PRINTED,S.O. 966(E) (1989 principal),1989-11-27,PUBLICATION_DATE,"applies to any date on/after effective date; no later amendment identified (MSIHC-AM-5, VERIFIED_CONDITIONAL)",VERIFIED_PRIMARY_GAZETTE,Sch 3 Part I s.no.162 (Gazette 27-11-1989 pp.33-38; consolidated pp.755-760),SRC-154;SRC-155,VERIFIED
S3P1-163,Lead azide,100 kg,NOT_PRINTED,S.O. 57(E) (2000),2000-01-20,PUBLICATION_DATE,"applies to any date on/after effective date; no later amendment identified (MSIHC-AM-5, VERIFIED_CONDITIONAL)",VERIFIED_PRIMARY_GAZETTE,Sch 3 Part I s.no.163 (Gazette 27-11-1989 pp.33-38; consolidated pp.755-760),SRC-154;SRC-155;SRC-156;SRC-157,VERIFIED
S3P1-164,"Lead Styphnate ( Lead 2,4,6- trinitroresorcinoxide)",100 kg,NOT_PRINTED,S.O. 57(E) (2000),2000-01-20,PUBLICATION_DATE,"applies to any date on/after effective date; no later amendment identified (MSIHC-AM-5, VERIFIED_CONDITIONAL)",VERIFIED_PRIMARY_GAZETTE,Sch 3 Part I s.no.164 (Gazette 27-11-1989 pp.33-38; consolidated pp.755-760),SRC-154;SRC-155;SRC-156;SRC-157,VERIFIED
S3P1-165,Mercury fuliminate,100 kg,NOT_PRINTED,S.O. 57(E) (2000),2000-01-20,PUBLICATION_DATE,"applies to any date on/after effective date; no later amendment identified (MSIHC-AM-5, VERIFIED_CONDITIONAL)",VERIFIED_PRIMARY_GAZETTE,Sch 3 Part I s.no.165 (Gazette 27-11-1989 pp.33-38; consolidated pp.755-760),SRC-154;SRC-155;SRC-156;SRC-157,VERIFIED
S3P1-166,"N-Methyl-N,2,4,6-tetranitroaniline",50 t,NOT_PRINTED,S.O. 966(E) (1989 principal),1989-11-27,PUBLICATION_DATE,"applies to any date on/after effective date; no later amendment identified (MSIHC-AM-5, VERIFIED_CONDITIONAL)",VERIFIED_PRIMARY_GAZETTE,Sch 3 Part I s.no.166 (Gazette 27-11-1989 pp.33-38; consolidated pp.755-760),SRC-154;SRC-155,VERIFIED
S3P1-167,Nitroglycerine,10 t,10 t,S.O. 966(E) (1989 principal),1989-11-27,PUBLICATION_DATE,"applies to any date on/after effective date; no later amendment identified (MSIHC-AM-5, VERIFIED_CONDITIONAL)",VERIFIED_PRIMARY_GAZETTE,Sch 3 Part I s.no.167 (Gazette 27-11-1989 pp.33-38; consolidated pp.755-760),SRC-154;SRC-155,VERIFIED
S3P1-168,Pentacrythritol tetra nitrate,50 t,NOT_PRINTED,S.O. 966(E) (1989 principal),1989-11-27,PUBLICATION_DATE,"applies to any date on/after effective date; no later amendment identified (MSIHC-AM-5, VERIFIED_CONDITIONAL)",VERIFIED_PRIMARY_GAZETTE,Sch 3 Part I s.no.168 (Gazette 27-11-1989 pp.33-38; consolidated pp.755-760),SRC-154;SRC-155,VERIFIED
S3P1-169,"Picric acid, (2,3,6-Trinitrophenol)",50 t,NOT_PRINTED,S.O. 966(E) (1989 principal),1989-11-27,PUBLICATION_DATE,"applies to any date on/after effective date; no later amendment identified (MSIHC-AM-5, VERIFIED_CONDITIONAL)",VERIFIED_PRIMARY_GAZETTE,Sch 3 Part I s.no.169 (Gazette 27-11-1989 pp.33-38; consolidated pp.755-760),SRC-154;SRC-155,VERIFIED
S3P1-170,Sodium picramate,50 t,NOT_PRINTED,S.O. 966(E) (1989 principal),1989-11-27,PUBLICATION_DATE,"applies to any date on/after effective date; no later amendment identified (MSIHC-AM-5, VERIFIED_CONDITIONAL)",VERIFIED_PRIMARY_GAZETTE,Sch 3 Part I s.no.170 (Gazette 27-11-1989 pp.33-38; consolidated pp.755-760),SRC-154;SRC-155,VERIFIED
S3P1-171,"Styphnic acid (2,4,6-Trinitroresorcinol)",50 t,NOT_PRINTED,S.O. 966(E) (1989 principal),1989-11-27,PUBLICATION_DATE,"applies to any date on/after effective date; no later amendment identified (MSIHC-AM-5, VERIFIED_CONDITIONAL)",VERIFIED_PRIMARY_GAZETTE,Sch 3 Part I s.no.171 (Gazette 27-11-1989 pp.33-38; consolidated pp.755-760),SRC-154;SRC-155,VERIFIED
S3P1-172,"1,3,5-Triamino-2,4,6-Trinitrobezene",50 t,NOT_PRINTED,S.O. 966(E) (1989 principal),1989-11-27,PUBLICATION_DATE,"applies to any date on/after effective date; no later amendment identified (MSIHC-AM-5, VERIFIED_CONDITIONAL)",VERIFIED_PRIMARY_GAZETTE,Sch 3 Part I s.no.172 (Gazette 27-11-1989 pp.33-38; consolidated pp.755-760),SRC-154;SRC-155,VERIFIED
S3P1-173,Trinitroaniline-,50 t,NOT_PRINTED,S.O. 966(E) (1989 principal),1989-11-27,PUBLICATION_DATE,"applies to any date on/after effective date; no later amendment identified (MSIHC-AM-5, VERIFIED_CONDITIONAL)",VERIFIED_PRIMARY_GAZETTE,Sch 3 Part I s.no.173 (Gazette 27-11-1989 pp.33-38; consolidated pp.755-760),SRC-154;SRC-155,VERIFIED
S3P1-174,"2,4,6-Trinitroanisole",50 t,NOT_PRINTED,S.O. 966(E) (1989 principal),1989-11-27,PUBLICATION_DATE,"applies to any date on/after effective date; no later amendment identified (MSIHC-AM-5, VERIFIED_CONDITIONAL)",VERIFIED_PRIMARY_GAZETTE,Sch 3 Part I s.no.174 (Gazette 27-11-1989 pp.33-38; consolidated pp.755-760),SRC-154;SRC-155,VERIFIED
S3P1-175,Trinitrobenze,50 t,NOT_PRINTED,S.O. 966(E) (1989 principal),1989-11-27,PUBLICATION_DATE,"applies to any date on/after effective date; no later amendment identified (MSIHC-AM-5, VERIFIED_CONDITIONAL)",VERIFIED_PRIMARY_GAZETTE,Sch 3 Part I s.no.175 (Gazette 27-11-1989 pp.33-38; consolidated pp.755-760),SRC-154;SRC-155,VERIFIED
S3P1-176,Trinitrobenzoic acid,50 t,NOT_PRINTED,S.O. 966(E) (1989 principal),1989-11-27,PUBLICATION_DATE,"applies to any date on/after effective date; no later amendment identified (MSIHC-AM-5, VERIFIED_CONDITIONAL)",VERIFIED_PRIMARY_GAZETTE,Sch 3 Part I s.no.176 (Gazette 27-11-1989 pp.33-38; consolidated pp.755-760),SRC-154;SRC-155,VERIFIED
S3P1-177,Trinitrocresol,50 t,NOT_PRINTED,S.O. 966(E) (1989 principal),1989-11-27,PUBLICATION_DATE,"applies to any date on/after effective date; no later amendment identified (MSIHC-AM-5, VERIFIED_CONDITIONAL)",VERIFIED_PRIMARY_GAZETTE,Sch 3 Part I s.no.177 (Gazette 27-11-1989 pp.33-38; consolidated pp.755-760),SRC-154;SRC-155,VERIFIED
S3P1-178,"2,4,6-Trinitrophenitole",50 t,NOT_PRINTED,S.O. 966(E) (1989 principal),1989-11-27,PUBLICATION_DATE,"applies to any date on/after effective date; no later amendment identified (MSIHC-AM-5, VERIFIED_CONDITIONAL)",VERIFIED_PRIMARY_GAZETTE,Sch 3 Part I s.no.178 (Gazette 27-11-1989 pp.33-38; consolidated pp.755-760),SRC-154;SRC-155,VERIFIED
S3P1-179,"2,4,6-Trinitrotoluene",50 t,50 t,S.O. 966(E) (1989 principal),1989-11-27,PUBLICATION_DATE,"applies to any date on/after effective date; no later amendment identified (MSIHC-AM-5, VERIFIED_CONDITIONAL)",VERIFIED_PRIMARY_GAZETTE,Sch 3 Part I s.no.179 (Gazette 27-11-1989 pp.33-38; consolidated pp.755-760),SRC-154;SRC-155,VERIFIED
S3P2-1,"Flammable gases (Group 5 class, not named in Part I)",15 t,200 t,S.O. 57(E) (2000),2000-01-20,PUBLICATION_DATE,"applies to any date on/after effective date; no later amendment identified (MSIHC-AM-5, VERIFIED_CONDITIONAL)",VERIFIED_PRIMARY_GAZETTE,Sch 3 Part II Group 5 s.no.1,SRC-156;SRC-157;SRC-155,VERIFIED
S3P2-2,"Extremely flammable liquids (Group 5 class, not named in Par",1000 t,5000 t,S.O. 57(E) (2000),2000-01-20,PUBLICATION_DATE,"applies to any date on/after effective date; no later amendment identified (MSIHC-AM-5, VERIFIED_CONDITIONAL)",VERIFIED_PRIMARY_GAZETTE,Sch 3 Part II Group 5 s.no.2,SRC-156;SRC-157;SRC-155,VERIFIED
S3P2-3,"Very highly flammable liquids (Group 5 class, not named in P",1500 t,10000 t,S.O. 57(E) (2000),2000-01-20,PUBLICATION_DATE,"applies to any date on/after effective date; no later amendment identified (MSIHC-AM-5, VERIFIED_CONDITIONAL)",VERIFIED_PRIMARY_GAZETTE,Sch 3 Part II Group 5 s.no.3,SRC-156;SRC-157;SRC-155,VERIFIED
S3P2-4,Highly flammable liquids which remain liquid under pressure ,25 t,200 t,S.O. 57(E) (2000),2000-01-20,PUBLICATION_DATE,"applies to any date on/after effective date; no later amendment identified (MSIHC-AM-5, VERIFIED_CONDITIONAL)",VERIFIED_PRIMARY_GAZETTE,Sch 3 Part II Group 5 s.no.4,SRC-156;SRC-157;SRC-155,VERIFIED
S3P2-5,"Highly flammable liquids (Group 5 class, not named in Part I",2500 t,20000 t,S.O. 57(E) (2000),2000-01-20,PUBLICATION_DATE,"applies to any date on/after effective date; no later amendment identified (MSIHC-AM-5, VERIFIED_CONDITIONAL)",VERIFIED_PRIMARY_GAZETTE,Sch 3 Part II Group 5 s.no.5,SRC-156;SRC-157;SRC-155,VERIFIED
S3P2-6,"Flammable liquids (Group 5 class, not named in Part I)",5000 t,50000 t,S.O. 57(E) (2000),2000-01-20,PUBLICATION_DATE,"applies to any date on/after effective date; no later amendment identified (MSIHC-AM-5, VERIFIED_CONDITIONAL)",VERIFIED_PRIMARY_GAZETTE,Sch 3 Part II Group 5 s.no.6,SRC-156;SRC-157;SRC-155,VERIFIED
