regime_id,instrument,original_date,latest_amendment_found,effective_date,status,notes,source_ids,legal_classification,record_state,final_status
REG-EIA,EIA Notification 2006 (S.O.1533(E)),2006-09-14,S.O.3862(E) 13-07-2026,2006-09-14,OPERATIVE,Consolidated to 13-07-2026; 6(b) and 7(h) omitted,SRC-001;SRC-002;SRC-003,CURRENT OPERATIVE LAW,ACTIVE,VERIFIED
REG-CONSENT,Water Act 1974 / Air Act 1981 + CPCB consent guidelines GSR 84/85(E) 2025,1974/1981; 2025-01-29/30,GSR 62/63(E) 23-01-2026,2025,OPERATIVE; GSR 62/63(E) amendments in force from 27-01-2026 (central text); MH implementation UNKNOWN,,SRC-004;SRC-005;SRC-006,CURRENT OPERATIVE LAW,ACTIVE,VERIFIED
REG-CAT,CPCB categorisation directions 12-02-2025 (adopted by MPCB 23-06-2025),2025-02-12,-,2025-06-23 (MH),OPERATIVE,Supersedes earlier categorisation,SRC-011;SRC-010,CURRENT OPERATIVE LAW (T2 adoption),ACTIVE,VERIFIED
REG-HW,HOWM Rules 2016,2016-04-04,GSR 438(E) 01-07-2025; 2026 amendment (secondary),2016-04-04,OPERATIVE,,SRC-013;SRC-014;SRC-015,CURRENT OPERATIVE LAW,ACTIVE,VERIFIED
REG-MSIHC,MSIHC Rules 1989,1989-11-27,2000 (consolidated copy),1989,OPERATIVE,Later amendments not checked,SRC-016,CURRENT OPERATIVE LAW,ACTIVE,VERIFIED
REG-PESO,Petroleum Rules 2002; GCR 2016; SMPV(U) 2016,2002; 2016; 2016,SOPs 2024-2025,-,OPERATIVE,,SRC-017;SRC-018;SRC-020,CURRENT OPERATIVE LAW,ACTIVE,VERIFIED
REG-LAB-OLD,Factories Act 1948 + MFR 1963; CLRA 1970; BOCW 1996; ISMW 1979,1948...,-,-,REPEALED 21-11-2025 - TRANSITIONAL via OSH Code s.143 savings,Legacy services still live on DISH/Labour portals,SRC-021;SRC-029;SRC-031,TRANSITIONAL-SAVED,ACTIVE,VERIFIED_CONDITIONAL
REG-LAB,OSH Code 2020,2020-09-29,OSH (Central) Rules 2026 GSR 345(E) 08-05-2026,2025-11-21,OPERATIVE (Code); MH rules DRAFT (06-05-2026),Never mix draft MH rules with live services,SRC-021;SRC-022;SRC-024;SRC-027,CURRENT OPERATIVE LAW (Code) / DRAFT (MH rules),ACTIVE,VERIFIED
REG-BLR-OLD,Boilers Act 1923,1923,-,-,REPEALED 01-05-2025,State page still cites it,SRC-032;SRC-036,REPEALED (not current),ACTIVE,VERIFIED
REG-BLR,Boilers Act 2025; IBR 1950 continue; draft Boilers Rules 2025,2025-04-04,Draft rules June 2025,2025-05-01,OPERATIVE (Act from 01-05-2025); final central rules notified in 2025 incl. Boiler Operation Engineers' Rules (GSR 705(E)) and Appeal & Revision Rules; Maharashtra services = PORTAL LEGACY SERVICE,,SRC-032;SRC-034;SRC-035,CURRENT OPERATIVE LAW + PORTAL LEGACY SERVICE (MH),ACTIVE,VERIFIED
REG-LIFT,"Maharashtra Lifts Act 1939 (operative) / Lifts, Escalators & Moving Walks Act 2017 + Amendment Act 2026 (not commenced)",1939; 2017; 2026,2026 amendment,1939 Act operative; 2017 Act on notification,1939 Act services OPERATIVE per CEI RTS; 2017 Act NOT IN FORCE as at 01-01-2019 and no later commencement found; 2026 Bill pending,REQUIRES_OFFICIAL_CONFIRMATION,SRC-038;SRC-039;SRC-040;SRC-041,PORTAL LEGACY SERVICE (1939 Act) / FUTURE REGIME (2017 Act),ACTIVE,VERIFIED_CONDITIONAL
REG-ELE,Electricity Act 2003; CEA Safety Regs 2023,2003; 2023,-,2023,OPERATIVE,CEA 2010 regs superseded,SRC-042,CURRENT OPERATIVE LAW,ACTIVE,VERIFIED
REG-GW,CGWA Guidelines 24-09-2020 as amended 29-03-2023,2020-09-24,S.O.1509(E) 29-03-2023,2020-09-24,OPERATIVE,,SRC-052,CURRENT OPERATIVE LAW,ACTIVE,VERIFIED
REG-GW-MH,Maharashtra GW (Dev & Mgmt) Act 2009 (Mah. 26 of 2013); Rules 2018,2013,-,-,Act enacted (Mah. XXVI of 2013) - commencement under s.1(3) NOT VERIFIED; Rules 2018 DRAFT,UNKNOWN,SRC-053,UNKNOWN (commencement),ACTIVE,UNKNOWN
REG-FIRE,Maharashtra Fire Prevention & Life Safety Measures Act 2006,2006,Mah. 24 of 2023,-,OPERATIVE,,SRC-048;SRC-049,CURRENT OPERATIVE LAW,ACTIVE,VERIFIED
REG-MIDC,MID Act 1961; MIDC DCR; MILAAP 2025,1961,2025,-,OPERATIVE,,SRC-043;SRC-073,CURRENT OPERATIVE LAW,ACTIVE,VERIFIED
REG-MAITRI,MAITRI Act 2023,2023,-,-,OPERATIVE,Facilitation; Empowered Committee,SRC-060,CURRENT OPERATIVE LAW,ACTIVE,VERIFIED
REG-INC,IISP 2025 (GR 31-12-2025),2025-12-31,-,2025-12-31,POLICY OPERATIVE; implementing PSI NOT LOCATED,5 yrs or next policy,SRC-061;SRC-073,CURRENT POLICY (implementing scheme not found),ACTIVE,VERIFIED
REG-INC-OLD,Industrial Policy 2019 / PSI 2019,2019,-,-,SUPERSEDED as policy?; transitional UNKNOWN,Still listed on MIDC page,SRC-073,UNKNOWN (transitional),ACTIVE,UNKNOWN
REG-BLD,MRTP Act 1966 + DCR,1966,-,-,OPERATIVE (not researched),,SRC-067,CURRENT OPERATIVE LAW (not researched),ACTIVE,VERIFIED
REG-OTH,Various,-,-,-,see rows,,-,see rows,ACTIVE,VERIFIED_CONDITIONAL
REG-CONS-2026,G.S.R. 62(E)/63(E) 23-01-2026 consent guideline amendments,2026-01-23,-,2026-01-27,OPERATIVE (central text),Valid-till-cancelled CTO; deemed CTE MSE; single-step consent+authorisation,SRC-006,CURRENT OPERATIVE LAW (central),ACTIVE,VERIFIED
REG-EAR,Environment Audit Rules 2025 (S.O.3973(E)),2025-08-29,-,2025-08-29,OPERATIVE,No blanket audit duty,SRC-066,CURRENT OPERATIVE LAW,ACTIVE,VERIFIED
REG-OSH-MH-DRAFT,Draft Maharashtra OSH (Factories and Other Ports) Rules 2026; OSH (Labour) Rules 2026,2026-05-06,-,-,DRAFT,Not operative,SRC-109,DRAFT,ACTIVE,VERIFIED_CONDITIONAL
REG-LIFT-2017,"Maharashtra Lifts, Escalators and Moving Walks Act 2017 (+ Bill VII 2026)",2018,Bill 2026,not commenced,FUTURE_REGIME,Do not implement,SRC-083;SRC-084,FUTURE REGIME,ACTIVE,VERIFIED_CONDITIONAL
REG-INS,Insecticides Act 1968,1968,-,1968,OPERATIVE,,SRC-100,CURRENT OPERATIVE LAW,ACTIVE,VERIFIED
REG-DRG,Drugs & Cosmetics Act 1940 / Drugs Rules 1945,1945,2024-09 (CDSCO compilation),1945,OPERATIVE,,SRC-101,CURRENT OPERATIVE LAW,ACTIVE,VERIFIED
REG-NDPS,NDPS (Regulation of Controlled Substances) Order 2013,2013,-,2013,OPERATIVE,,SRC-099;SRC-108,CURRENT OPERATIVE LAW,ACTIVE,VERIFIED
REG-CWC,Chemical Weapons Convention Act 2000,2000,-,2000,OPERATIVE,,SRC-098,CURRENT OPERATIVE LAW,ACTIVE,VERIFIED
REG-EXP,Explosives Act 1884 / Explosives Rules 2008,2008,-,2008,OPERATIVE,,SRC-107,CURRENT OPERATIVE LAW,ACTIVE,VERIFIED
REG-LM,Legal Metrology Act 2009 / LM(PC) Rules 2011,2011,GSR 629(E) 2017 (r.3),2011,OPERATIVE,,SRC-095,CURRENT OPERATIVE LAW,ACTIVE,VERIFIED
REG-AAI,MoCA Height Restriction Rules 2015 (GSR 751(E)),2015-09-30,-,2015-09-30,OPERATIVE,,SRC-104,CURRENT OPERATIVE LAW,ACTIVE,VERIFIED
REG-TREE,Maharashtra (Urban Areas) Protection and Preservation of Trees Act 1975,1975,-,1975,OPERATIVE,,SRC-103,CURRENT OPERATIVE LAW,ACTIVE,VERIFIED
REG-CMVR,Central Motor Vehicles Rules 1989 (r.129-137),1989,-,1989,OPERATIVE,,SRC-102,CURRENT OPERATIVE LAW,ACTIVE,VERIFIED
