rule_id,approval_id,obligation_type,title,authority,jurisdiction,applicability_conditions,required_inputs,thresholds,exceptions,dependencies,documents,timeline,timeline_type,stage,status,effective_date,effective_to,effective_date_status,source_id,source_locator,source_tier,publication_date,confidence,implementation_status,rule_kind,notes
R-001,APR-001,APPROVAL,Prior Environmental Clearance - Schedule item 5(f) Synthetic organic chemicals,AUT-001 (Cat A) / AUT-002 (Cat B),CENTRAL (state-level appraisal for B),"EC_5F_REQUIRED := F-PRD-01 == TRUE AND F-PRD-03 IN {SYNTHESIS,MIXED}",F-PRD-01;F-PRD-03,TRUE -,see condition,SC-NBWL recommendation,-,SLA-032,ADMINISTRATIVE,PRE_ESTABLISHMENT,VERIFIED_CONDITIONAL,2006-09-14,OPEN,EXACT_DATE,SRC-001,Schedule item 5(f),T1,2026-07-13,HIGH (logic),IMPLEMENTATION_SAFE,DETERMINISTIC,F-PRD-01 UNKNOWN -> result UNKNOWN. FORMULATION_ONLY -> do not auto-FALSE; mark UNKNOWN pending appraisal view
R-002,APR-001,APPROVAL,Prior Environmental Clearance - Schedule item 5(f) Synthetic organic chemicals,AUT-001 (Cat A) / AUT-002 (Cat B),CENTRAL (state-level appraisal for B),SMALL_UNIT := F-PRC-01 < 25 AND F-PRC-02 < 25 AND F-PRC-03 == FALSE,F-PRC-01;F-PRC-02;F-PRC-03,25 ; 25 ; FALSE m3/day ; TPD ; -,see condition,SC-NBWL recommendation,-,SLA-032,ADMINISTRATIVE,PRE_ESTABLISHMENT,VERIFIED_CONDITIONAL,2014-06-25,OPEN,EXACT_DATE,SRC-001,"Item 5(f) column 5 (inserted by S.O.1223(E) 27-03-2020; footnote 76): 'water consumption <25 m3/day, fuel consumption <25 TPD and not covered in the category of MAH units as per MSIHC Rules 1989'",T1,2026-07-13,HIGH,IMPLEMENTATION_SAFE,DETERMINISTIC,All three required (AND). 25 exactly = NOT small
R-003,APR-001,APPROVAL,Prior Environmental Clearance - Schedule item 5(f) Synthetic organic chemicals,AUT-001 (Cat A) / AUT-002 (Cat B),CENTRAL (state-level appraisal for B),CAT_BASE := 'A' IF (F-LOC-02 == FALSE AND SMALL_UNIT == FALSE) ELSE 'B' IF (F-LOC-02 == TRUE OR SMALL_UNIT == TRUE),F-LOC-02;R-002,- -,see condition,SC-NBWL recommendation,-,SLA-032,ADMINISTRATIVE,PRE_ESTABLISHMENT,VERIFIED_CONDITIONAL,2014-06-25,OPEN,EXACT_DATE,SRC-001,Item 5(f),T1,2026-07-13,HIGH,IMPLEMENTATION_SAFE,DETERMINISTIC,If F-LOC-02 UNKNOWN and SMALL_UNIT not TRUE -> UNKNOWN
R-004,APR-001,APPROVAL,Prior Environmental Clearance - Schedule item 5(f) Synthetic organic chemicals,AUT-001 (Cat A) / AUT-002 (Cat B),CENTRAL (state-level appraisal for B),CAT := 'A' IF CAT_BASE=='B' AND ANY(F-LOC-07 sub-facts)==TRUE ELSE CAT_BASE,F-LOC-07,TRUE km (5),see condition,SC-NBWL recommendation,-,SLA-032,ADMINISTRATIVE,PRE_ESTABLISHMENT,VERIFIED_CONDITIONAL,2006-09-14,OPEN,EXACT_DATE,SRC-001,EIA Schedule General Condition: 'located in whole or in part within 5 km from the boundary of' PA / CPA / ESA / inter-State & international boundaries; 10 km for 7(c) estates,T1,2026-07-13,HIGH,IMPLEMENTATION_SAFE,DETERMINISTIC,Any GC sub-fact UNKNOWN while CAT_BASE=B -> CAT UNKNOWN (A or B)
R-005,APR-001,APPROVAL,Prior Environmental Clearance - Schedule item 5(f) Synthetic organic chemicals,AUT-001 (Cat A) / AUT-002 (Cat B),CENTRAL (state-level appraisal for B),EC_COVERED_BY_ESTATE := F-LOC-03 == TRUE,F-LOC-03,TRUE -,see condition,SC-NBWL recommendation,-,SLA-032,ADMINISTRATIVE,PRE_ESTABLISHMENT,REQUIRES_OFFICIAL_CONFIRMATION,2006-09-14,OPEN,EXACT_DATE,SRC-001,Specific Condition note,T1,2026-07-13,MEDIUM,REQUIRES_CONFIRMATION,DETERMINISTIC,Scope of coverage (which units) must be read from the estate EC; do not auto-exempt
R-006,APR-002,APPROVAL,Prior EC - item 5(e) Petrochemical based processing,AUT-001/AUT-002,CENTRAL,EC_5E_REQUIRED := product is petrochemical-based processing (expert fact),F-PRD-01,TRUE -,see condition,-,-,-,-,PRE_ESTABLISHMENT,REQUIRES_OFFICIAL_CONFIRMATION,2006-09-14,OPEN,EXACT_DATE,SRC-001,Item 5(e),T1,2026-07-13,MEDIUM,REQUIRES_CONFIRMATION,DETERMINISTIC,
R-007,APR-003,APPROVAL,Prior EC - item 8(a) Building & construction,AUT-002,CENTRAL (SEIAA),EC_8A := F-BLD-01 >= 20000 AND F-BLD-01 < 150000,F-BLD-01,20000 ; 150000 m2,see condition,-,-,-,-,PRE_ESTABLISHMENT,VERIFIED_CONDITIONAL,2006-09-14,OPEN,EXACT_DATE,SRC-001;SRC-179,Item 8(a),T1,2026-07-13,HIGH,IMPLEMENTATION_SAFE,DETERMINISTIC,Built-up = built-up or covered area on all floors incl. basement and other service areas. Industrial sheds count (Note 1 of 29-01-2025 quashed 05-08-2025). Footnote 99: 2016/2018 notifications on buil
R-008,APR-003,APPROVAL,Prior EC - item 8(a) Building & construction,AUT-002,CENTRAL (SEIAA),EC_8A_GC := NOT_APPLICABLE,-,- -,see condition,-,-,-,-,PRE_ESTABLISHMENT,VERIFIED_CONDITIONAL,2006-09-14,OPEN,EXACT_DATE,SRC-001,Item 8(a) col 5,T1,2026-07-13,HIGH,IMPLEMENTATION_SAFE,DETERMINISTIC,
R-009,APR-004,APPROVAL,Prior EC - item 8(b) Township & area development,AUT-002,CENTRAL (SEIAA),EC_8B := F-BLD-03 >= 50 OR F-BLD-01 >= 150000,F-BLD-03;F-BLD-01,50 ; 150000 ha ; m2,see condition,-,-,-,-,PRE_ESTABLISHMENT,VERIFIED_CONDITIONAL,2006-09-14,OPEN,EXACT_DATE,SRC-001,Item 8(b),T1,2026-07-13,HIGH,IMPLEMENTATION_SAFE,DETERMINISTIC,If either TRUE -> TRUE even if other UNKNOWN
R-010,APR-005,APPROVAL,"EC for industrial estate - item 7(c) (estate developer, not unit)",AUT-001/AUT-002,CENTRAL,ESTATE_EC_RELEVANT := F-LOC-01 == TRUE OR F-LOC-02 == TRUE,F-LOC-01;F-LOC-02,- -,see condition,-,-,-,-,PRE_ESTABLISHMENT,REQUIRES_OFFICIAL_CONFIRMATION,2006-09-14,OPEN,EXACT_DATE,SRC-001,Item 7(c),T1,2026-07-13,MEDIUM,REQUIRES_CONFIRMATION,DETERMINISTIC,Informational
R-011,APR-006,APPROVAL,Prior EC - item 5(b) Pesticides industry & technical,AUT-001,CENTRAL,EC_5B := 'PESTICIDE_TECHNICAL' IN F-PRD-02 -> CAT 'A',F-PRD-02,PESTICIDE_TECHNICAL -,see condition,-,-,-,-,PRE_ESTABLISHMENT,VERIFIED_CONDITIONAL,2006-09-14,OPEN,EXACT_DATE,SRC-001,Item 5(b),T1,2026-07-13,HIGH,IMPLEMENTATION_SAFE,DETERMINISTIC,
R-012,APR-007,APPROVAL,Prior EC - item 5(h) Integrated paint industry,AUT-002,CENTRAL,EC_5H := 'PAINT_INTEGRATED' IN F-PRD-02 -> CAT 'B',F-PRD-02,PAINT_INTEGRATED -,see condition,-,-,-,-,PRE_ESTABLISHMENT,VERIFIED_CONDITIONAL,2006-09-14,OPEN,EXACT_DATE,SRC-001,Item 5(h),T1,2026-07-13,HIGH,IMPLEMENTATION_SAFE,DETERMINISTIC,
R-013,APR-008,CONSENT,Consent to Establish (Water & Air Acts),AUT-003,STATEWIDE,"CONSENT_REQUIRED := MPCB_CATEGORY IN {RED,ORANGE,GREEN}",F-MPCB-01,RED;ORANGE;GREEN -,see condition,APR-001;APR-038,DOC-004;DOC-011,SLA-001;SLA-002;SLA-003;SLA-048;SLA-049;SLA-050,ADMINISTRATIVE;LEGAL,PRE_ESTABLISHMENT,VERIFIED_CONDITIONAL,2025-06-23,OPEN,EXACT_DATE,SRC-011;SRC-010,Directions para on White category,T2;T4,2025-02-12,HIGH,IMPLEMENTATION_SAFE,DETERMINISTIC,White: no consent; Blue: essential environmental services
R-014,APR-008,CONSENT,Consent to Establish (Water & Air Acts),AUT-003,STATEWIDE,SECTOR_CATEGORY := lookup(F-MPCB-01) e.g. 111.1/111.2 organic chemicals -> RED; 42.1 dyes by synthesis -> RED; 123.1 pharma -> RED; 123.3 pharma formulation -> ORANGE; 117.1-117.3 paints -> RED; 117.4 blending -> ORANGE; 143.1 resins -> RED; 144 resin physical blending -> GREEN; 76 HW/spent solvent ,F-MPCB-01,CPCB table -,see condition,APR-001;APR-038,DOC-004;DOC-011,SLA-001;SLA-002;SLA-003;SLA-048;SLA-049;SLA-050,ADMINISTRATIVE;LEGAL,PRE_ESTABLISHMENT,VERIFIED_CONDITIONAL,2025-06-23,OPEN,EXACT_DATE,SRC-011;SRC-010,Sector list,T2;T4,2025-02-12,HIGH,IMPLEMENTATION_SAFE,DETERMINISTIC,Only listed codes encoded; others -> UNKNOWN
R-015,APR-008,CONSENT,Consent to Establish (Water & Air Acts),AUT-003,STATEWIDE,UNIT_CATEGORY (multiple sector codes) := UNKNOWN,F-MPCB-01,- -,see condition,APR-001;APR-038,DOC-004;DOC-011,SLA-001;SLA-002;SLA-003;SLA-048;SLA-049;SLA-050,ADMINISTRATIVE;LEGAL,PRE_ESTABLISHMENT,VERIFIED_CONDITIONAL,2025-06-23,OPEN,EXACT_DATE,SRC-011,-,T4,2025-02-12,HIGH (that no rule found),IMPLEMENTATION_SAFE,GUARD_OR_ROUTING,No multi-code aggregation rule found in CPCB directions 12-02-2025 or MPCB adoption circular 23-06-2025. Engine must return UNKNOWN for units with >1 sector code; the 'maximum category' convention mus
R-016,APR-008,CONSENT,Consent to Establish (Water & Air Acts),AUT-003,STATEWIDE,"DEEMED_CTE (central text) := F-INC-01 IN {MICRO,SMALL} AND F-LOC-10 == TRUE (industrial estate/area notified by State/UT or local body) AND self-certified Form-I submitted; no Red/Orange/Green restriction in the text; MPCB implementation UNKNOWN -> engine returns CONDITIONAL, never 'granted'",F-INC-01;F-LOC-10,- -,see condition,APR-001;APR-038,DOC-004;DOC-011,SLA-001;SLA-002;SLA-003;SLA-048;SLA-049;SLA-050,ADMINISTRATIVE;LEGAL,PRE_ESTABLISHMENT,DO_NOT_IMPLEMENT_YET,2026-01-27,OPEN,EXACT_DATE,SRC-006,"GSR 62(E) para 6(7), para 10(7); GSR 63(E) same",T1 (Gazette copy hosted by MPCB - see notes),2026-04-22,HIGH (text) / UNKNOWN (MH implementation),DO_NOT_IMPLEMENT,DETERMINISTIC,DO_NOT_IMPLEMENT_YET - MH operative detail and Red-category applicability UNKNOWN
R-017,APR-009,CONSENT,Consent to Operate (Water & Air Acts),AUT-003,STATEWIDE,CTO_REQUIRED := CONSENT_REQUIRED == TRUE,R-013,TRUE -,see condition,-,-,SLA-001;SLA-002;SLA-003;SLA-036;SLA-037;SLA-048;SLA-049;SLA-050,ADMINISTRATIVE;LEGAL,PRE_OPERATION,VERIFIED_CONDITIONAL,1974/1981,OPEN,YEAR_ONLY (temporal query before year-end -> INSUFFICIENT_DATA),SRC-004,-,T1,2025-01-30,HIGH,IMPLEMENTATION_SAFE,DETERMINISTIC,
R-018,APR-010,APPROVAL,Hazardous waste authorisation (Form 1 -> Form 2),AUT-003,STATEWIDE,HW_AUTH := F-HW-01 == TRUE,F-HW-01,TRUE -,see condition,APR-008;APR-009,DOC-001;DOC-002;DOC-003,SLA-004,LEGAL,PRE_OPERATION,VERIFIED_CONDITIONAL,2016-04-04,OPEN,EXACT_DATE,SRC-013,Rule 6(1),T1,2016-04-04,HIGH,IMPLEMENTATION_SAFE,DETERMINISTIC,"Waste entry numbers come from F-HW-02 (supplied), never inferred"
R-019,APR-012,REPORT,MSIHC - notification of site / safety report / on-site emergency plan,Per Sch 5: AUT-005 (Chief Inspector of Factories) for installations/storages under factory law; AUT-003 (SPCB) for isolated storage not so covered; AUT-008 (Chief Controller of Explosives) for PESO-licensed installations; District Collector for off-site plan,"CENTRAL rules, state authority",SITE_NOTIFICATION (r.7) := r.6 activity := (industrial activity in a Sch 4 installation AND EXISTS c: agg_qty(c) >= Sch3 col3(c)) OR (isolated storage AND EXISTS c: agg_qty(c) >= Sch2 col3(c)); UNKNOWN if any mapping/qty unknown,F-HAZ-01;F-HAZ-02,Sch 2/Sch 3 col 3 t,see condition,-,DOC-009,SLA-030;SLA-034;SLA-035,LEGAL,PRE_OPERATION,VERIFIED_CONDITIONAL,2000 (as amended),OPEN,YEAR_ONLY (temporal query before year-end -> INSUFFICIENT_DATA),SRC-016,Rule 7; Schedules,T1,2000,HIGH,IMPLEMENTATION_SAFE,DETERMINISTIC,Chemical not in mapping -> UNKNOWN (not FALSE). Per-chemical thresholds are held in msihc_chemical_mapping.csv. v2 example 'hydrogen 2 t' conflicts with the SPCB-hosted scan (two extractions: 50 t) ->
R-020,APR-012,REPORT,MSIHC - notification of site / safety report / on-site emergency plan,Per Sch 5: AUT-005 (Chief Inspector of Factories) for installations/storages under factory law; AUT-003 (SPCB) for isolated storage not so covered; AUT-008 (Chief Controller of Explosives) for PESO-licensed installations; District Collector for off-site plan,"CENTRAL rules, state authority",SAFETY_REPORT (r.10-12) := (industrial activity AND EXISTS c: agg_qty(c) >= Sch3 col4(c)) OR (isolated storage AND EXISTS c: agg_qty(c) >= Sch2 col4(c)),F-HAZ-01;F-HAZ-02,Sch 2/Sch 3 col 4 t,see condition,-,DOC-009,SLA-030;SLA-034;SLA-035,LEGAL,PRE_OPERATION,VERIFIED_CONDITIONAL,2000,OPEN,YEAR_ONLY (temporal query before year-end -> INSUFFICIENT_DATA),SRC-016,Rule 10,T1,2000,HIGH,IMPLEMENTATION_SAFE,DETERMINISTIC,Col 4 per msihc_t1_thresholds (v5: 1994 col-4 values VERIFIED_T1_CONSOLIDATED); S2-18 col 4 and NOT_PRINTED col 4 -> UNKNOWN (never FALSE)
R-021,APR-012,REPORT,MSIHC - notification of site / safety report / on-site emergency plan,Per Sch 5: AUT-005 (Chief Inspector of Factories) for installations/storages under factory law; AUT-003 (SPCB) for isolated storage not so covered; AUT-008 (Chief Controller of Explosives) for PESO-licensed installations; District Collector for off-site plan,"CENTRAL rules, state authority","MAH := EXISTS c: (industrial activity AND qty(c) >= Sch3 col3(c)) OR (isolated storage AND qty(c) >= Sch2 col3(c)); for Sch3 Part II classes use the TOTAL quantity of all substances of that class; quantities aggregated per Sch2/Sch3 note (a)-(b) (same occupier, installations <500 m apart, connected ",R-019,TRUE -,see condition,-,DOC-009,SLA-030;SLA-034;SLA-035,LEGAL,PRE_OPERATION,VERIFIED_CONDITIONAL,2000,OPEN,YEAR_ONLY (temporal query before year-end -> INSUFFICIENT_DATA),SRC-016,"r.2(ja), r.2(n), Sch 2 & 3 notes",T1,2000,HIGH,IMPLEMENTATION_SAFE,DETERMINISTIC,MAH is DERIVED by the msihc_mapping_steps pipeline (never user-asserted). Output TRUE/FALSE/UNKNOWN with evidence chain (chemical -> schedule entry -> column 3 value -> aggregated qty -> comparison). 
R-022,APR-015;APR-016,APPROVAL,Factory plan approval,AUT-005,STATEWIDE,FACTORY_BY_HEADCOUNT := (F-LAB-02 == TRUE AND F-LAB-01 >= 20) OR (F-LAB-02 == FALSE AND F-LAB-01 >= 40) [F-LAB-01 = max on any day of preceding 12 months]; if FACTORY_BY_HEADCOUNT == FALSE -> result CONDITIONAL (not FALSE) because hazardous-process notifications may cover smaller units (coverage und,F-LAB-01;F-LAB-02,20 (with power) ; 40 (without) workers,see condition,APR-015,-,SLA-005;SLA-006;SLA-046,PORTAL;RTS/SERVICE,PRE_ESTABLISHMENT,REQUIRES_OFFICIAL_CONFIRMATION,2025-11-21,OPEN,EXACT_DATE,SRC-081;SRC-030,s.2(1)(w),T1;T3,2020-09-29,MEDIUM,REQUIRES_CONFIRMATION,DETERMINISTIC,"s.2(1)(w) proviso: where a State law in force immediately before the Code specified a different number, the State number prevails until amended. The Maharashtra pre-Code number is unverified (UNK-029)"
R-023,APR-016,LICENCE,Factory registration & licence (MAH/Hazardous vs other),AUT-005,STATEWIDE,DISH_LICENCE_CATEGORY := 'MAH/HAZARDOUS' IF MAH==TRUE ELSE 'OTHER' ,R-021,- -,see condition,APR-015,-,SLA-006;SLA-046,PORTAL;RTS/SERVICE,PRE_OPERATION,REQUIRES_OFFICIAL_CONFIRMATION,-,OPEN,UNKNOWN (temporal query -> INSUFFICIENT_DATA),SRC-029,Service list,T3,2026,MEDIUM,REQUIRES_CONFIRMATION,DETERMINISTIC,'Hazardous process' criterion not encoded - UNKNOWN
R-024,APR-017,REGISTRATION,Registration of establishment under OSH Code s.3,AUT-006/AUT-005,STATEWIDE,OSH_REG := (F-LAB-06 >= 10) OR (F-LAB-07 == TRUE AND establishment carries on a notified hazardous activity) ; UNKNOWN if F-LAB-06 UNKNOWN,F-LAB-06,10 employees,see condition,-,-,-,-,PRE_OPERATION,VERIFIED_CONDITIONAL,2025-11-21,OPEN,EXACT_DATE,SRC-081;SRC-027,OSH s.3(1): apply electronically within 60 days of applicability; 'establishment' threshold of 10 workers in s.2(1) definition,T1;T5 (T2 circular copy on private site),2020-09-29,MEDIUM,IMPLEMENTATION_SAFE,DETERMINISTIC,DO_NOT_IMPLEMENT_YET as operative
R-025,APR-018,REGISTRATION,Shops & Establishments intimation (<10 workers),AUT-006,STATEWIDE,SE_INTIMATION := F-LAB-06 < 10,F-LAB-06,10 workers,see condition,-,-,SLA-007,RTS/SERVICE,PRE_OPERATION,REQUIRES_OFFICIAL_CONFIRMATION,-,OPEN,UNKNOWN (temporal query -> INSUFFICIENT_DATA),SRC-027,Circular,T5 (T2 circular copy on private site),2026-04-30,LOW,REQUIRES_CONFIRMATION,DETERMINISTIC,
R-026,APR-019,REGISTRATION,Contract labour - principal employer registration,AUT-006,STATEWIDE,PE_REG := F-LAB-03 >= 50 (contract labour on any day of preceding 12 months) AND work not only intermittent/casual (s.45(2)),F-LAB-03,50 contract labour,see condition,-,-,SLA-008,RTS/SERVICE,PRE_OPERATION,VERIFIED_CONDITIONAL,2025-11-21,OPEN,EXACT_DATE,SRC-081;SRC-026,OSH Code 2020 s.45(2) (as cited in rule condition),T1;T3,2020-09-29,HIGH,IMPLEMENTATION_SAFE,DETERMINISTIC,Legacy CLRA threshold differs - transitional
R-027,APR-020,LICENCE,Contractor licence,AUT-006,STATEWIDE,CONTRACTOR_LIC := F-LAB-04 == TRUE AND contractor_workers >= 50 on any day of preceding 12 months (s.45(1)(ii) manpower supply contractor),F-LAB-04,50 workers,see condition,-,-,SLA-009,RTS/SERVICE,PRE_OPERATION,VERIFIED_CONDITIONAL,2025-11-21,OPEN,EXACT_DATE,SRC-081;SRC-026,OSH Code 2020 s.45(1)(ii) (as cited in rule condition),T1;T3,2020-09-29,HIGH,IMPLEMENTATION_SAFE,DETERMINISTIC,"Obligation of contractor, not principal employer"
R-028,APR-023,REGISTRATION,Boiler registration,AUT-007,STATEWIDE,BOILER := F-BLR-04 == TRUE (steam generated for external use) AND F-BLR-01 >= 25 AND NOT (F-BLR-05 < 1 AND F-BLR-02 < 1) AND NOT (F-BLR-03 < 100); any UNKNOWN operand that could flip the result -> UNKNOWN,F-BLR-01;F-BLR-02;F-BLR-03;F-BLR-04;F-BLR-05,>=25 ; NOT(design<1 AND working<1) ; NOT(<100) L ; kg/cm2 ; C,see condition,Erection inspection by inspecting authority (s.9),-,SLA-013;SLA-040;SLA-047,LEGAL;PORTAL;RTS/SERVICE,PRE_OPERATION,VERIFIED_CONDITIONAL,2025-05-01,OPEN,EXACT_DATE,SRC-034,Boilers Act 2025 s.2(c),T1,2025-04-04,HIGH,IMPLEMENTATION_SAFE,DETERMINISTIC,s.2(c) definition verified in v2 (UNK-021 closed). Evaluate UNKNOWN when an operand is UNKNOWN.
R-029,APR-026,LICENCE,Petroleum storage licence (Form XII/XIII District Authority; Form XV/XVI PESO) +,AUT-008 / AUT-009,CENTRAL,PET_EXEMPT_A := F-PET-01=='A' AND F-PET-02 <= 30 AND not-for-sale,F-PET-01;F-PET-02,30 L,see condition,DOC-008 (Rule 144 NOC);District Authority NOC (r.144);Plan approval (r.131) for Forms XIV/XV/XVI,DOC-008,SLA-045,LEGAL,PRE_OPERATION,DO_NOT_IMPLEMENT_YET,2002,OPEN,YEAR_ONLY (temporal query before year-end -> INSUFFICIENT_DATA),SRC-017,SOP exemptions,T3,2025-01,HIGH,DO_NOT_IMPLEMENT,DETERMINISTIC,Class A small-quantity exemption (<=30 L) sourced only from PESO SOP (T3); Petroleum Rules 2002 text not retrieved. Class A import always needs a licence (Act s.3(2)).
R-030,APR-026,LICENCE,Petroleum storage licence (Form XII/XIII District Authority; Form XV/XVI PESO) +,AUT-008 / AUT-009,CENTRAL,PET_EXEMPT_B := F-PET-01=='B' AND F-PET-02 <= 2500 (total at any one place) AND F-PET-04 <= 1000 (no receptacle > 1000 L),F-PET-01;F-PET-02;F-PET-03;F-PET-04,2500 ; 1000 L,see condition,DOC-008 (Rule 144 NOC);District Authority NOC (r.144);Plan approval (r.131) for Forms XIV/XV/XVI,DOC-008,SLA-045,LEGAL,PRE_OPERATION,VERIFIED_CONDITIONAL,2002,OPEN,YEAR_ONLY (temporal query before year-end -> INSUFFICIENT_DATA),SRC-092;SRC-017,Petroleum Act 1934 s.7(i); PESO SOP exemptions table,T1;T3,1934 (as amended),HIGH,IMPLEMENTATION_SAFE,DETERMINISTIC,
R-031,APR-026,LICENCE,Petroleum storage licence (Form XII/XIII District Authority; Form XV/XVI PESO) +,AUT-008 / AUT-009,CENTRAL,PET_EXEMPT_C := F-PET-01=='C' AND F-PET-02 <= 45000 (total at any one place) AND stored/transported per rules under s.4,F-PET-01;F-PET-02,45000 L,see condition,DOC-008 (Rule 144 NOC);District Authority NOC (r.144);Plan approval (r.131) for Forms XIV/XV/XVI,DOC-008,SLA-045,LEGAL,PRE_OPERATION,VERIFIED_CONDITIONAL,2002,OPEN,YEAR_ONLY (temporal query before year-end -> INSUFFICIENT_DATA),SRC-092;SRC-017,Petroleum Act 1934 s.7(ii),T1;T3,1934 (as amended),HIGH,IMPLEMENTATION_SAFE,DETERMINISTIC,Other conditions (non-bulk etc.) per SOP
R-032,APR-026,LICENCE,Petroleum storage licence (Form XII/XIII District Authority; Form XV/XVI PESO) +,AUT-008 / AUT-009,CENTRAL,PET_FORM := 'XII (DA)' if A non-bulk <=300 L; 'XIII (DA)' if B non-bulk <=25000 L; 'XVI (PESO)' if non-bulk above those; 'XV (PESO)' if bulk installation,F-PET-01;F-PET-02;F-PET-03,300 ; 25000 ; 45000 L,see condition,DOC-008 (Rule 144 NOC);District Authority NOC (r.144);Plan approval (r.131) for Forms XIV/XV/XVI,DOC-008,SLA-045,LEGAL,PRE_OPERATION,VERIFIED_CONDITIONAL,2002,OPEN,YEAR_ONLY (temporal query before year-end -> INSUFFICIENT_DATA),SRC-117;SRC-017,"Petroleum Rules 2002 First Schedule: Form XII Class A <=300 L (DA); Form XIII Class B non-bulk <=25,000 L (DA); Form XV installation (CCE/Controller); Form XVI non-bulk A >300 L / B >25,000 L / C >45,000 L (Controller)",T1;T3,18-03-2002,MEDIUM,IMPLEMENTATION_SAFE,DETERMINISTIC,Multiple classes: combination rules per SOP not encoded -> UNKNOWN
R-033,APR-027,LICENCE,Gas cylinder storage licence (Form F),AUT-008,CENTRAL,GCR_EXEMPT := own use AND not for sale/trading AND per gas group at a time: flammable non-toxic cylinders <=25 OR gas <=200 kg whichever less; non-flammable non-toxic cylinders <=200; toxic cylinders <=5; dissolved acetylene cylinders <=25 (r.44(b)(i)-(iv)); LPG -> UNKNOWN (r.44(c) wording ambiguous,F-GAS-01;F-GAS-02,25 cyl / 200 kg; 200 cyl; 5 cyl; 25 cyl kg,see condition,-,-,-,-,PRE_OPERATION,VERIFIED_CONDITIONAL,2016,OPEN,YEAR_ONLY (temporal query before year-end -> INSUFFICIENT_DATA),SRC-169;SRC-173,"GCR 2016 r.44(a),(b)(i)-(iv) (Gazette G.S.R.1081(E)); r.44(c) LPG clause",T1,22-11-2016,MEDIUM,IMPLEMENTATION_SAFE,DETERMINISTIC,"v5: official Gazette text read. Amendments 386(E) 2025, 839(E) 2025, 315(E) 2026 read - none amend r.44. 2018/2019/2022/225(E)/501(E) amendments not read -> VERIFIED_CONDITIONAL. No aggregation across"
R-034,APR-028,LICENCE,SMPV(U) licence (LS-1A) and prior approval,AUT-008,CENTRAL,"SMPV := EXISTS v IN F-PV-01: v.water_capacity_L > 1000 AND gas is 'compressed gas' (>1 atm gauge at max working temp; 55 C if uninsulated) AND v not in the r.2 exclusion list (reactors, heat exchangers, evaporators, air receivers, autoclaves, steam vessels etc.) AND v not part of a processing plant ",F-PV-01;F-PV-02,1000 L water capacity,see condition,APR-028 (prior approval of plans),-,-,-,PRE_ESTABLISHMENT;PRE_OPERATION,REQUIRES_OFFICIAL_CONFIRMATION,2016,OPEN,YEAR_ONLY (temporal query before year-end -> INSUFFICIENT_DATA),SRC-174;SRC-177,SMPV(U) 2016 r.2(ix) compressed gas; r.2(xxxvii) pressure vessel (>1000 L water capacity + exclusion list); r.3 processing-plant exemption,T1,01-12-2016,HIGH,REQUIRES_CONFIRMATION,DETERMINISTIC,"v5: official Gazette text read (definitions). 2018/2019/2021/2025 (374(E), 422(E)) amendments not read; 2026 amendment (448(E)) read - does not alter definitions. Kept REQUIRES_OFFICIAL_CONFIRMATION u"
R-035,APR-029,APPROVAL,MIDC plot allotment,AUT-010,MIDC,MIDC_BRANCH := F-LOC-01 == TRUE,F-LOC-01,TRUE -,see condition,-,-,-,-,PRE_ESTABLISHMENT,VERIFIED_CONDITIONAL,-,OPEN,UNKNOWN (temporal query -> INSUFFICIENT_DATA),SRC-043,-,T3,2026,HIGH,IMPLEMENTATION_SAFE,GUARD_OR_ROUTING,UNKNOWN -> neither MIDC nor non-MIDC branch may be finalised
R-036,APR-030;APR-031;APR-033,APPROVAL,MIDC combined building permission + provisional fire NOC,AUT-010,MIDC,MIDC_BP := MIDC_BRANCH == TRUE AND construction == TRUE,F-LOC-01,TRUE -,see condition,APR-008;APR-029;APR-030 (provisional fire),DOC-001;DOC-005,SLA-015;SLA-017;SLA-023;SLA-024,PORTAL,PRE_ESTABLISHMENT,REQUIRES_OFFICIAL_CONFIRMATION,-,OPEN,UNKNOWN (temporal query -> INSUFFICIENT_DATA),SRC-043;SRC-044,-,T3,2026,HIGH,REQUIRES_CONFIRMATION,DETERMINISTIC,Portal evidence only (PORTAL_SERVICE_EXISTS). Legal basis cited as 'MIDC DCR' but the regulation text is not in the source register.
R-037,APR-032,APPROVAL,MIDC occupancy certificate,AUT-010,MIDC,MIDC_OC := MIDC_BRANCH == TRUE,F-LOC-01,TRUE -,see condition,APR-009;APR-016;APR-033,DOC-002;DOC-006;DOC-007,SLA-016,PORTAL,PRE_OPERATION,REQUIRES_OFFICIAL_CONFIRMATION,-,OPEN,UNKNOWN (temporal query -> INSUFFICIENT_DATA),SRC-044,-,T3,2026,HIGH,REQUIRES_CONFIRMATION,DETERMINISTIC,Portal evidence only (PORTAL_SERVICE_EXISTS). Legal basis cited as 'MIDC DCR' but the regulation text is not in the source register.
R-038,APR-034;APR-035,APPROVAL,MIDC water connection,AUT-010,MIDC,"MIDC_WATER := MIDC_BRANCH AND 'MIDC' IN F-WAT-01; MIDC_DRAIN := MIDC_BRANCH AND F-WAT-03 IN {CETP,SEWER}",F-LOC-01;F-WAT-01;F-WAT-03,- -,see condition,-,-,SLA-019;SLA-020,PORTAL,PRE_OPERATION,REQUIRES_OFFICIAL_CONFIRMATION,-,OPEN,UNKNOWN (temporal query -> INSUFFICIENT_DATA),SRC-043,-,T3,2026,MEDIUM,REQUIRES_CONFIRMATION,DETERMINISTIC,
R-039,APR-036;APR-042,APPROVAL,MIDC tree felling permission,AUT-010,MIDC,TREE := F-SITE-01 == TRUE AND (MIDC_BRANCH -> APR-036 ; NOT MIDC AND F-LOC-06 == TRUE -> APR-042 ; else UNKNOWN),F-SITE-01;F-LOC-01;F-LOC-06,- -,see condition,-,-,SLA-021,PORTAL,PRE_ESTABLISHMENT,REQUIRES_OFFICIAL_CONFIRMATION,-,OPEN,UNKNOWN (temporal query -> INSUFFICIENT_DATA),SRC-043;SRC-070,-,T3,2026,MEDIUM,REQUIRES_CONFIRMATION,DETERMINISTIC,
R-040,APR-037,APPROVAL,MIDC change in manufacturing activity,AUT-010,MIDC,MIDC_CHANGE := MIDC_BRANCH AND F-EXP-01 == TRUE AND product/activity changes,F-LOC-01;F-EXP-01,- -,see condition,-,-,SLA-022,PORTAL,OPERATION,REQUIRES_OFFICIAL_CONFIRMATION,-,OPEN,UNKNOWN (temporal query -> INSUFFICIENT_DATA),SRC-043,-,T3,2026,MEDIUM,REQUIRES_CONFIRMATION,DETERMINISTIC,
R-041,APR-038;APR-041,APPROVAL,Building/development permission (non-MIDC planning authority),AUT-011,NON_MIDC,NONMIDC_BP := F-LOC-01 == FALSE AND construction == TRUE ; authority := R-080(F-LOC-05) ; DCR := R-082(F-LOC-05) ; UNKNOWN if F-LOC-05 UNKNOWN,F-LOC-01;F-LOC-05,FALSE -,see condition,APR-009;APR-016;APR-040,-,SLA-042;SLA-043,LEGAL,PRE_ESTABLISHMENT,VERIFIED_CONDITIONAL,2025-07-24,OPEN,EXACT_DATE,SRC-123;SRC-124;SRC-067,Circular para 2,T1;T2,1966,MEDIUM,IMPLEMENTATION_SAFE,DETERMINISTIC,
R-042,APR-039;APR-040,NOC,Provisional fire NOC (non-MIDC),AUT-012,NON_MIDC,NONMIDC_FIRE := F-LOC-01 == FALSE AND R-079 == TRUE ; authority := R-078 ; renewal requirement := R-099,F-LOC-01,FALSE -,see condition,Provisional Fire Safety Approval,-,SLA-025,PORTAL,PRE_ESTABLISHMENT,REQUIRES_OFFICIAL_CONFIRMATION,-,OPEN,UNKNOWN (temporal query -> INSUFFICIENT_DATA),SRC-048,"MFPLSM Act s.3(1), Schedule-I; with R-078/R-079/R-099",T3,2026,MEDIUM,REQUIRES_CONFIRMATION,DETERMINISTIC,"Applicability: Schedule-I lists Industrial (G-1/G-2/G-3), Storage (H) and Hazardous (J) buildings with rows starting at 'up to 500 m2' -> industrial buildings are within Schedule-I. Authority: CFO of "
R-043,APR-043,NOC,CGWA NOC - groundwater abstraction,AUT-013,CENTRAL,"GW_EXEMPT_MSE := F-INC-01 IN {MICRO,SMALL} AND F-WAT-05 < 10",F-INC-01;F-WAT-05,10 m3/day,see condition,-,DOC-012,SLA-031,LEGAL,PRE_ESTABLISHMENT,VERIFIED_CONDITIONAL,2020-09-24,OPEN,EXACT_DATE,SRC-052,Exemptions list,T1,2023-03-29,HIGH,IMPLEMENTATION_SAFE,DETERMINISTIC,Medium enterprises NOT covered by this exemption
R-044,APR-043,NOC,CGWA NOC - groundwater abstraction,AUT-013,CENTRAL,GW_EXEMPT_DOMESTIC := F-WAT-06 == 'DOMESTIC_ONLY' AND F-WAT-05 <= 5,F-WAT-05;F-WAT-06,5 m3/day,see condition,-,DOC-012,SLA-031,LEGAL,PRE_ESTABLISHMENT,VERIFIED_CONDITIONAL,2020-09-24,OPEN,EXACT_DATE,SRC-052,Exemptions list,T1,2023-03-29,HIGH,IMPLEMENTATION_SAFE,DETERMINISTIC,
R-045,APR-043,NOC,CGWA NOC - groundwater abstraction,AUT-013,CENTRAL,GW_NOC := F-WAT-05 > 0 AND NOT(GW_EXEMPT_MSE OR GW_EXEMPT_DOMESTIC); BLOCK if F-WAT-09=='OVER_EXPLOITED' AND new AND F-INC-01=='LARGE' (industrial use),F-WAT-05;F-WAT-09;F-INC-01,- -,see condition,-,DOC-012,SLA-031,LEGAL,PRE_ESTABLISHMENT,VERIFIED_CONDITIONAL,2023-03-29,OPEN,EXACT_DATE,SRC-052,OE restrictions,T1,2023-03-29,HIGH,IMPLEMENTATION_SAFE,DETERMINISTIC,Drinking/domestic & green-belt NOC permitted even in OE
R-046,APR-044,NOC,CGWA NOC - dewatering during construction,AUT-013,CENTRAL,GW_DEWATER := F-WAT-08 == TRUE,F-WAT-08,TRUE -,see condition,-,-,-,-,PRE_ESTABLISHMENT,VERIFIED_CONDITIONAL,2020-09-24,OPEN,EXACT_DATE,SRC-052,-,T1,2023-03-29,HIGH,IMPLEMENTATION_SAFE,DETERMINISTIC,
R-047,APR-045,APPROVAL,New electricity connection,AUT-015,LOCATION_DEPENDENT,LICENSEE := F-LOC-08,F-LOC-08,- -,see condition,-,DOC-010,SLA-029,ADMINISTRATIVE,PRE_OPERATION,VERIFIED_CONDITIONAL,-,OPEN,UNKNOWN (temporal query -> INSUFFICIENT_DATA),SRC-055,-,T3,2026,HIGH,IMPLEMENTATION_SAFE,GUARD_OR_ROUTING,Never default MSEDCL
R-048,APR-046,INSPECTION,Electrical installation approval / energisation,AUT-016,STATEWIDE,ELEC_INSPECTION := F-ELE-01 > F-ELE-02; approving_officer := 'Electrical Inspector' if 0.65<kV<=33; 'Superintending Engineer' if 33<kV<=220; 'CEI' if >220,F-ELE-01;F-ELE-02,F-ELE-02 (UNKNOWN) kV,see condition,-,-,SLA-026,RTS/SERVICE,PRE_OPERATION,REQUIRES_OFFICIAL_CONFIRMATION,2023,OPEN,YEAR_ONLY (temporal query before year-end -> INSUFFICIENT_DATA),SRC-042;SRC-041,RTS table,T1;T2,2023-06,MEDIUM,REQUIRES_CONFIRMATION,DETERMINISTIC,Central Government notified 11 kV as self-certification voltage for its jurisdiction; each State may notify its own (PIB 05-08-2024). No Maharashtra notification located -> F-ELE-02 stays UNKNOWN; 11 
R-049,APR-047,LICENCE,Lift erection permission and lift licence,AUT-016,STATEWIDE,LIFT := F-LFT-01 >= 1,F-LFT-01,1 count,see condition,APR-047 (erection permission),-,SLA-027;SLA-028,RTS/SERVICE,PRE_OPERATION,REQUIRES_OFFICIAL_CONFIRMATION,1939,UNTIL 2017 Act commenced,YEAR_ONLY (temporal query before year-end -> INSUFFICIENT_DATA),SRC-041,RTS table,T2,2018-12-12,MEDIUM,REQUIRES_CONFIRMATION,DETERMINISTIC,Goods-lift/hoist coverage not verified
R-050,APR-048,REGISTRATION,Legal Metrology packer registration,AUT-019,STATEWIDE,"LM_PC_CHAPTER_II := F-OTH-01 == TRUE AND NOT (F-LM-01 > 25 kg or 25 L) AND NOT (F-LM-02 IN {INDUSTRIAL_CONSUMER, INSTITUTIONAL_CONSUMER} AND package marked 'not for retail sale'); registration duty (r.27) text not extracted -> APR-048 stays CONDITIONAL",F-OTH-01;F-LM-01;F-LM-02,TRUE -,see condition,-,-,-,-,OPERATION,VERIFIED_CONDITIONAL,-,OPEN,UNKNOWN (temporal query -> INSUFFICIENT_DATA),SRC-095;SRC-062,LM(PC) Rules 2011 r.3 (GSR 629(E) 23-06-2017 w.e.f. 01-01-2018); r.2(bb),T2;T3,2011 (as amended),HIGH (exclusions) / LOW (registration duty),IMPLEMENTATION_SAFE,DETERMINISTIC,
R-051,APR-049,NOC,AAI height clearance NOC,AUT-020,CENTRAL,AAI_NOC := F-OTH-02 == TRUE,F-OTH-02,TRUE -,see condition,-,-,-,-,PRE_ESTABLISHMENT,REQUIRES_OFFICIAL_CONFIRMATION,-,OPEN,UNKNOWN (temporal query -> INSUFFICIENT_DATA),SRC-063,-,T3,2026,LOW,REQUIRES_CONFIRMATION,DETERMINISTIC,
R-052,APR-050,NOC,CETP membership / discharge arrangement,AUT-003 / CETP operator,LOCATION_DEPENDENT,CETP := F-WAT-03 == 'CETP' AND F-WAT-04 == TRUE,F-WAT-03;F-WAT-04,TRUE -,see condition,-,-,-,-,PRE_OPERATION,UNKNOWN,-,OPEN,UNKNOWN (temporal query -> INSUFFICIENT_DATA),-,-,-,-,LOW,REQUIRES_CONFIRMATION,DETERMINISTIC,F-WAT-04 UNKNOWN -> UNKNOWN; never assume
R-053,APR-051,APPROVAL,Permission to draw water from river/public tanks,AUT-021,NON_MIDC,SW_DRAW := F-WAT-07 == TRUE,F-WAT-07,TRUE -,see condition,-,-,-,-,PRE_OPERATION,REQUIRES_OFFICIAL_CONFIRMATION,-,OPEN,UNKNOWN (temporal query -> INSUFFICIENT_DATA),SRC-070,-,T3,2024-12,LOW,REQUIRES_CONFIRMATION,DETERMINISTIC,
R-054,APR-052,APPROVAL,EC for expansion / no-increase-in-pollution-load exemption,AUT-001/AUT-002,CENTRAL,"EC_EXPANSION_EXEMPT := F-EXP-01 AND item IN {2,3,4,5} AND F-EXP-02 == FALSE AND empanelled-auditor certificate uploaded on PARIVESH and sent to SPCB (Appendix XIII) AND OCMS >=95% uptime connected to CPCB/SPCB AND NOT (category change B2->A or B2->B1); else Form I under 7(ii)(a)",F-EXP-01;F-EXP-02,- -,see condition,-,-,-,-,OPERATION,VERIFIED_CONDITIONAL,-,OPEN,UNKNOWN (temporal query -> INSUFFICIENT_DATA),SRC-001,Para 7(ii)(b),T1,2026-07-13,HIGH,IMPLEMENTATION_SAFE,DETERMINISTIC,Applies to Sch items 2-5 per consolidated text
R-055,APR-053,CONSENT,MPCB consent amendment vs fresh consent,AUT-003,STATEWIDE,"CONSENT_CHANGE := 'AMENDMENT' if change IN {CLERICAL,NAME,HW_DISPOSAL_PATH} ; 'FRESH' if change IN {FUEL,DG_SET,HW_QTY,PROCESS}",change_type,- -,see condition,-,-,-,-,OPERATION,VERIFIED_CONDITIONAL,2025-08-25,OPEN,EXACT_DATE,SRC-068,Circular,T2,2025-08-25,HIGH,IMPLEMENTATION_SAFE,DETERMINISTIC,
R-056,APR-054,APPROVAL,HW utilisation authorisation (rule 9),AUT-003 (CPCB approval if no SOP),STATEWIDE,HW_UTILISATION := F-HW-03 == TRUE,F-HW-03,TRUE -,see condition,-,-,-,-,PRE_OPERATION,VERIFIED_CONDITIONAL,2016,OPEN,YEAR_ONLY (temporal query before year-end -> INSUFFICIENT_DATA),SRC-013,Rule 9,T1,2016-04-04,HIGH,IMPLEMENTATION_SAFE,DETERMINISTIC,
R-057,INC-*,RULE_LOGIC,MSME_CLASS ,-,-,MSME_CLASS := MICRO if inv<=2.5 AND turnover<=10; SMALL if inv<=25 AND turnover<=100; MEDIUM if inv<=125 AND turnover<=500; else LARGE,F-INC-02;F-INC-09,2.5/10 ; 25/100 ; 125/500 Rs crore,see condition,-,-,-,-,-,REQUIRES_OFFICIAL_CONFIRMATION,2025-04-01,OPEN,EXACT_DATE,SRC-061,GR MSME definition para,T1,2025-12-31,MEDIUM (turnover limits to be confirmed from notification),REQUIRES_CONFIRMATION,DETERMINISTIC,If either input UNKNOWN -> UNKNOWN (do not classify on investment alone)
R-058,INC-*,RULE_LOGIC,INCENTIVE_BASKET ,-,-,"INCENTIVE_BASKET := lookup(F-LOC-04, IISP Annexure 1)",F-LOC-04,- -,see condition,-,-,-,-,-,DO_NOT_IMPLEMENT_YET,2025-12-31,2030-12-30 or next policy,EXACT_DATE,SRC-061,Annexure 1,T1,2025-12-31,MEDIUM,DO_NOT_IMPLEMENT,DETERMINISTIC,PSI under IISP 2025 not found after exhaustive search (incentive_search_log.csv). PSI 2019 period clause: till 31-03-2024 or till new PSI (SRC-125); 2025 corrigendum shows continued administration (SR
R-059,INC-*,RULE_LOGIC,INCENTIVE_VALUE ,-,-,INCENTIVE_VALUE := NOT_COMPUTED,-,- -,see condition,-,-,-,-,-,VERIFIED,-,-,UNKNOWN (temporal query -> INSUFFICIENT_DATA),SRC-073;SRC-074,-,T3,2026-07-31,HIGH,IMPLEMENTATION_SAFE,GUARD_OR_ROUTING,Hard stop
R-060,APR-012,REPORT,MSIHC - notification of site / safety report / on-site emergency plan,Per Sch 5: AUT-005 (Chief Inspector of Factories) for installations/storages under factory law; AUT-003 (SPCB) for isolated storage not so covered; AUT-008 (Chief Controller of Explosives) for PESO-licensed installations; District Collector for off-site plan,"CENTRAL rules, state authority",MSIHC_R4_GENERAL_DUTY := EXISTS c involved in industrial activity: c meets Sch1 Part I criteria OR is in Sch1 Part II; OR isolated storage qty >= Sch2 col3,F-HAZ-01;F-HAZ-02,- -,see condition,-,DOC-009,SLA-030;SLA-034;SLA-035,LEGAL,PRE_OPERATION,VERIFIED_CONDITIONAL,1989-11-27,OPEN,EXACT_DATE,SRC-016,r.4(1),T1,2000,HIGH,IMPLEMENTATION_SAFE,DETERMINISTIC,No threshold for industrial activity limb
R-061,APR-012,REPORT,MSIHC - notification of site / safety report / on-site emergency plan,Per Sch 5: AUT-005 (Chief Inspector of Factories) for installations/storages under factory law; AUT-003 (SPCB) for isolated storage not so covered; AUT-008 (Chief Controller of Explosives) for PESO-licensed installations; District Collector for off-site plan,"CENTRAL rules, state authority",MSIHC_AGG_QTY(c) := sum over installations of same occupier within 500 m + connected pipeline within 500 m + other sites whose boundary within 500 m + storage vehicles/vessels at or within 500 m (exclude vehicles used for transport); Part II class := total of all substances of the class,F-HAZ-01;F-HAZ-03,500 m,see condition,-,DOC-009,SLA-030;SLA-034;SLA-035,LEGAL,PRE_OPERATION,VERIFIED_CONDITIONAL,1989-11-27,OPEN,EXACT_DATE,SRC-016,Sch 2/3 notes,T1,2000,HIGH,IMPLEMENTATION_SAFE,DETERMINISTIC,No sum-of-ratios rule exists in the text - do not implement one
R-062,APR-008,CONSENT,Consent to Establish (Water & Air Acts),AUT-003,STATEWIDE,"CTO_VALIDITY := 'VALID_TILL_CANCELLED' (central text, CTO granted on/after 27-01-2026) ; MH implementation UNKNOWN -> engine displays UNKNOWN for validity/renewal dates",-,- -,see condition,APR-001;APR-038,DOC-004;DOC-011,SLA-001;SLA-002;SLA-003;SLA-048;SLA-049;SLA-050,ADMINISTRATIVE;LEGAL,PRE_ESTABLISHMENT,VERIFIED_CONDITIONAL,2026-01-27,OPEN,EXACT_DATE,SRC-006,para 4(3),T1 (Gazette copy hosted by MPCB - see notes),2026-04-22,HIGH (text) / UNKNOWN (MH),IMPLEMENTATION_SAFE,DETERMINISTIC,MPCB circular 21-04-2026 directs officers to adhere to GSR 62/63 (general direction; mpcb_gsr62_63_implementation GSR-03/05/06). CTO granted on/after 27-01-2026 -> VALID_TILL_CANCELLED; CTO granted ea
R-063,APR-009,CONSENT,Consent to Operate (Water & Air Acts),AUT-003,STATEWIDE,CTO_EXPANSION_OUTER_LIMIT := 90 / 60 / 30 days (GSR 62 para 8 table Sl.3 'Grant or refusal of consent to operate for expansion or amendment'),F-MPCB-01,90;60;30 days,see condition,-,-,SLA-001;SLA-002;SLA-003;SLA-036;SLA-037;SLA-048;SLA-049;SLA-050,ADMINISTRATIVE;LEGAL,PRE_OPERATION,REQUIRES_OFFICIAL_CONFIRMATION,2026-01-27,OPEN,EXACT_DATE,SRC-006,para 8 table Sl.3,T1 (Gazette copy hosted by MPCB - see notes),2026-04-22,MEDIUM,REQUIRES_CONFIRMATION,DETERMINISTIC,Column-to-category mapping (presumably Red/Orange/Green) UNK-031
R-064,APR-001,APPROVAL,Prior Environmental Clearance - Schedule item 5(f) Synthetic organic chemicals,AUT-001 (Cat A) / AUT-002 (Cat B),CENTRAL (state-level appraisal for B),"EC_5F_SCOPE := product in 'dyes & dye intermediates; bulk drugs and intermediates excluding drug formulations; synthetic rubbers; basic organic chemicals, other synthetic organic chemicals and chemical intermediates'; drug formulation-only -> OUTSIDE 5(f); blending/formulation-only of non-drug produ",F-PRD-01;F-PRD-02;F-PRD-03,- -,see condition,SC-NBWL recommendation,-,SLA-032,ADMINISTRATIVE,PRE_ESTABLISHMENT,VERIFIED_CONDITIONAL,2014-06-25,OPEN,EXACT_DATE,SRC-001,Item 5(f),T1,2026-07-13,HIGH,IMPLEMENTATION_SAFE,DETERMINISTIC,UNK-033
R-065,APR-058,RETURN,CWC declarations (initial/annual) to NACWC,National Authority CWC (Cabinet Secretariat),CENTRAL,CWC_DECL := F-CWC-01 > 200 OR F-CWC-02 > 30 OR Sch2A*>1 kg OR Sch2A>100 kg OR Sch2B>1 t OR Sch3>30 t (F-CWC-03),F-CWC-01;F-CWC-02;F-CWC-03,200;30;1kg;100kg;1t;30t t/yr,see condition,-,-,SLA-039,LEGAL,OPERATION,VERIFIED_CONDITIONAL,-,OPEN,UNKNOWN (temporal query -> INSUFFICIENT_DATA),SRC-098,thresholds,T2,n.d.,HIGH,IMPLEMENTATION_SAFE,DETERMINISTIC,Strictly greater-than
R-066,APR-057,REGISTRATION,NCB registration - controlled substances (Schedule A),Narcotics Control Bureau,CENTRAL,NCB_REG := F-NDPS-01 contains any Schedule A substance,F-NDPS-01,Schedule A list -,see condition,-,-,-,-,PRE_OPERATION,VERIFIED_CONDITIONAL,2013,OPEN,YEAR_ONLY (temporal query before year-end -> INSUFFICIENT_DATA),SRC-099,Schedule A,T2,n.d.,HIGH,IMPLEMENTATION_SAFE,DETERMINISTIC,
R-067,APR-055,LICENCE,Insecticide manufacturing licence,Licensing officer (State; identity in MH UNKNOWN),STATE,INSECTICIDE_LIC := F-INS-01 == TRUE (manufactures an insecticide as defined in the Act),F-INS-01,TRUE -,see condition,-,-,-,-,PRE_OPERATION,VERIFIED_CONDITIONAL,1968,OPEN,YEAR_ONLY (temporal query before year-end -> INSUFFICIENT_DATA),SRC-100,s.13,T1,1968,HIGH,IMPLEMENTATION_SAFE,DETERMINISTIC,
R-068,APR-056,LICENCE,Drug (bulk drug/API) manufacturing licence,Maharashtra FDA (Licensing Authority),STATE,DRUG_LIC := F-DRG-01 == TRUE (manufactures drugs incl. bulk drugs for sale/distribution),F-DRG-01,TRUE -,see condition,-,-,-,-,PRE_OPERATION,REQUIRES_OFFICIAL_CONFIRMATION,1945,OPEN,YEAR_ONLY (temporal query before year-end -> INSUFFICIENT_DATA),SRC-101,Part VII,T1,2024-09,MEDIUM,REQUIRES_CONFIRMATION,DETERMINISTIC,
R-069,APR-059,LICENCE,Explosives licence (manufacture/possession),AUT-008,CENTRAL,EXPLOSIVES_LIC := 'EXPLOSIVE' IN F-PRD-04 (manufacture) ; possession thresholds not extracted -> UNKNOWN for possession-only,F-PRD-04,EXPLOSIVE -,see condition,-,-,-,-,PRE_OPERATION,REQUIRES_OFFICIAL_CONFIRMATION,2008,OPEN,YEAR_ONLY (temporal query before year-end -> INSUFFICIENT_DATA),SRC-107,FAQ,T3,n.d.,MEDIUM,REQUIRES_CONFIRMATION,DETERMINISTIC,
R-070,CMP-018,RULE_LOGIC,SAFETY_OFFICER ,-,-,SAFETY_OFFICER := (F-LAB-07 == FALSE AND F-LAB-01 >= 500) OR (F-LAB-07 == TRUE AND F-LAB-01 >= 250),F-LAB-01;F-LAB-07,500;250 workers,see condition,-,-,-,-,-,VERIFIED_CONDITIONAL,2025-11-21,OPEN,EXACT_DATE,SRC-081,s.22(2),T1,2020-09-29,HIGH,IMPLEMENTATION_SAFE,DETERMINISTIC,F-LAB-07 = hazardous process (First Schedule) - input fact
R-071,CND-024,RULE_LOGIC,MH_GW_ACT_IN_FORCE ,-,-,MH_GW_ACT_IN_FORCE := TRUE from 01-06-2014 ; MH_GW_DEEP_WELL_BRANCH evaluated by R-097 ; Groundwater Rules 2018 remain DRAFT,F-WAT-05,- -,see condition,-,-,-,-,-,VERIFIED,2014-06-01,OPEN,EXACT_DATE,SRC-131;SRC-132,s.1(3); s.8,T1,03-12-2013,HIGH,IMPLEMENTATION_SAFE,DETERMINISTIC,Do not return FALSE
R-072,CMP-014,RULE_LOGIC,ENV_AUDIT ,-,-,ENV_AUDIT := CONDITIONAL (only when assigned by authority or engaged by proponent),-,- -,see condition,-,-,-,-,-,VERIFIED_CONDITIONAL,2025-08-29,OPEN,EXACT_DATE,SRC-066,scope,T1,2025-08/09,HIGH,IMPLEMENTATION_SAFE,DETERMINISTIC,
R-073,APR-023,REGISTRATION,Boiler registration,AUT-007,STATEWIDE,BOE_REQUIRED := boilers' total heating surface > 1000 (single / battery / separate boilers within 50 m radius),F-BLR-06,1000 m2,see condition,Erection inspection by inspecting authority (s.9),-,SLA-013;SLA-040;SLA-047,LEGAL;PORTAL;RTS/SERVICE,PRE_OPERATION,VERIFIED_CONDITIONAL,2025-09-23,OPEN,EXACT_DATE,SRC-085,BOE rule,T1,2025-09-22,HIGH,IMPLEMENTATION_SAFE,DETERMINISTIC,
R-074,APR-001,APPROVAL,Prior Environmental Clearance - Schedule item 5(f) Synthetic organic chemicals,AUT-001 (Cat A) / AUT-002 (Cat B),CENTRAL (state-level appraisal for B),EC_5F_AND_8A := UNKNOWN when EC_5F_REQUIRED==TRUE AND EC_8A==TRUE (text silent on combination),F-PRD-01;F-BLD-01,- -,see condition,SC-NBWL recommendation,-,SLA-032,ADMINISTRATIVE,PRE_ESTABLISHMENT,UNKNOWN,-,OPEN,UNKNOWN (temporal query -> INSUFFICIENT_DATA),SRC-001,5(f); 8(a),T1,2026-07-13,HIGH,REQUIRES_CONFIRMATION,GUARD_OR_ROUTING,"UNK-010. v5 official-source check: SC Vanashakti 05-08-2025 (Note 1 of 8(a) quashed - R-007), MoEF circular 06-02-2007 (committee routing only), OM 11-12-2025 (SAF/4(a)) - none resolves 5(f)+8(a). Dec"
R-075,APR-001,APPROVAL,Prior Environmental Clearance - Schedule item 5(f) Synthetic organic chemicals,AUT-001 (Cat A) / AUT-002 (Cat B),CENTRAL (state-level appraisal for B),"EC_VALIDITY := 10 years from grant to start of production (non-mining, non-river-valley, non-nuclear); extension <= 1 year if applied in laid-down proforma within validity; late application: <=30 d condonable (JS/MS), 30-90 d condonable (Minister/Chairman), >90 d not condonable",EC grant date,10 y ; +1 y years,see condition,SC-NBWL recommendation,-,SLA-032,ADMINISTRATIVE,PRE_ESTABLISHMENT,VERIFIED,2026-07-13,OPEN,EXACT_DATE,SRC-001,para 9,T1,2026-07-13,HIGH,IMPLEMENTATION_SAFE,DETERMINISTIC,
R-076,CMP-006,RULE_LOGIC,EC_COMPLIANCE_DUE ,-,-,EC_COMPLIANCE_DUE := 1 June and 1 December each calendar year after EC,EC granted,01-06 ; 01-12 -,see condition,-,-,-,-,-,VERIFIED,2026-07-13,OPEN,EXACT_DATE,SRC-001,para 10(ii),T1,2026-07-13,HIGH,IMPLEMENTATION_SAFE,DETERMINISTIC,
R-077,APR-043,NOC,CGWA NOC - groundwater abstraction,AUT-013,CENTRAL,"GW_OE := F-GW-01 == 'OVER_EXPLOITED' ; new industry AND F-INC-01 NOT IN {MICRO,SMALL,MEDIUM} -> NOC not grantable except drinking/domestic for workforce and green belt ; existing industry expansion increasing abstraction -> not permitted ; F-GW-01 UNKNOWN -> UNKNOWN",F-GW-01;F-INC-01;F-EXP-01,assessment-unit category -,see condition,-,DOC-012,SLA-031,LEGAL,PRE_ESTABLISHMENT,VERIFIED_CONDITIONAL,2020-09-24,OPEN,EXACT_DATE,SRC-052,para 4.1,T1,2023-03-29,HIGH,IMPLEMENTATION_SAFE,DETERMINISTIC,
R-078,APR-039;APR-040,NOC,Provisional fire NOC (non-MIDC),AUT-012,NON_MIDC,"FIRE_AUTHORITY := IF F-LOC-01 THEN 'MIDC Fire Services (R-036)' ELSE IF F-PA-02 == TRUE THEN 'Chief Fire Officer of ' + F-LOC-05 ELSE IF F-PA-02 == FALSE OR site outside local-authority limits THEN 'Director, Maharashtra Fire Services' ELSE UNKNOWN",F-LOC-01;F-LOC-05;F-PA-02,- -,see condition,Provisional Fire Safety Approval,-,SLA-025,PORTAL,PRE_ESTABLISHMENT,VERIFIED_CONDITIONAL,2006,OPEN,YEAR_ONLY (temporal query before year-end -> INSUFFICIENT_DATA),SRC-121,s.3(1),T1,2006,HIGH,IMPLEMENTATION_SAFE,DETERMINISTIC,Never default to one fire authority for Maharashtra
R-079,APR-039;APR-040,NOC,Provisional fire NOC (non-MIDC),AUT-012,NON_MIDC,"FIRE_APPROVAL_APPLICABLE := F-BLD-10 IN {G-1,G-2,G-3,H,J} (industrial/storage/hazardous building listed in Schedule-I) ; F-BLD-10 UNKNOWN -> UNKNOWN ; minimum installations := Schedule-I row by class and aggregate floor area of largest building",F-BLD-10;F-BLD-11,Schedule-I classes -,see condition,Provisional Fire Safety Approval,-,SLA-025,PORTAL,PRE_ESTABLISHMENT,VERIFIED_CONDITIONAL,2006,OPEN,YEAR_ONLY (temporal query before year-end -> INSUFFICIENT_DATA),SRC-121,Schedule-I Industrial (G) rows (i)-(iv),T1,2006,MEDIUM,IMPLEMENTATION_SAFE,DETERMINISTIC,Hazard class of a building is an input fact (not derived)
R-080,APR-038,APPROVAL,Building/development permission (non-MIDC planning authority),AUT-011,NON_MIDC,BP_AUTHORITY := CASE F-LOC-05: MIDC area -> MIDC (SPA) ; Municipal Corporation/Council/Nagar Panchayat -> that body ; other SPA/NTDA -> that SPA ; RP area outside any PA -> Collector (s.18) ; gaothan -> village panchayat (s.18) ; UNKNOWN -> UNKNOWN,F-LOC-05,- -,see condition,-,-,SLA-042;SLA-043,LEGAL,PRE_ESTABLISHMENT,VERIFIED_CONDITIONAL,1966,OPEN,YEAR_ONLY (temporal query before year-end -> INSUFFICIENT_DATA),SRC-123,s.18(1); s.44(1),T1,1966,HIGH,IMPLEMENTATION_SAFE,DETERMINISTIC,The answer depends on the particular planning authority
R-081,APR-038,APPROVAL,Building/development permission (non-MIDC planning authority),AUT-011,NON_MIDC,"BP_DEEMED_POSSIBLE := no decision within 60 d of application (or of reply to requisition, whichever later) ; deemed permission valid ONLY IF proposal strictly conforms to DCR and plans ; engine must never assert deemed permission as granted",application date; requisition reply date,60 days,see condition,-,-,SLA-042;SLA-043,LEGAL,PRE_ESTABLISHMENT,VERIFIED_CONDITIONAL,1966,OPEN,YEAR_ONLY (temporal query before year-end -> INSUFFICIENT_DATA),SRC-123,s.45(5) and provisos,T1,1966,HIGH,IMPLEMENTATION_SAFE,DETERMINISTIC,
R-082,APR-038,APPROVAL,Building/development permission (non-MIDC planning authority),AUT-011,NON_MIDC,"UDCPR_APPLIES := F-LOC-05 NOT IN {MCGM and PAs/SPAs/DAs within MCGM limits, MIDC, NAINA, JNPT, Hill Station Municipal Councils, Chikhaldara notified area, MoEFCC-notified eco-sensitive regions, Lonavala MC} ; else own DCR (UNKNOWN which)",F-LOC-05,exclusion list -,see condition,-,-,SLA-042;SLA-043,LEGAL,PRE_ESTABLISHMENT,VERIFIED_CONDITIONAL,2020-12-03,OPEN,EXACT_DATE,SRC-124,Reg. 1.1,T2,30-01-2024,MEDIUM,IMPLEMENTATION_SAFE,DETERMINISTIC,Compilation updated to 30-01-2024; later amendments not checked
R-083,LOC-CRZ,RULE_LOGIC,CRZ ,-,-,"CRZ := F-GEO-01 IN {CRZ-I,CRZ-II,CRZ-III,CRZ-IV} -> new industry/expansion PROHIBITED (para 4(i)) ; hazardous substance storage PROHIBITED except Annexure-II list (para 4(ii)/5.1.2(v)) ; groundwater withdrawal PROHIBITED (para 4(xi)) ; F-GEO-01 UNKNOWN -> CONDITIONAL (requires geospatial fact)",F-GEO-01,HTL-500 m; tidal bodies 50 m (100 m pending CZMP) m,see condition,-,-,SLA-044,LEGAL,-,VERIFIED_CONDITIONAL,2019-01-18,OPEN,EXACT_DATE,SRC-112,"paras 4(i), 4(ii), 4(xi)",T1,18-01-2019,HIGH,IMPLEMENTATION_SAFE,DETERMINISTIC,
R-084,LOC-FOREST,RULE_LOGIC,FOREST ,-,-,FOREST := F-LOC-15 == TRUE -> prior Central approval for non-forest use (two-stage; online via State; RO/REC <= 40 ha else Central Govt) ; UNKNOWN -> CONDITIONAL,F-LOC-15;F-GEO-03,TRUE ; 40 ha ha,see condition,-,-,-,-,-,VERIFIED_CONDITIONAL,2023-12-01,OPEN,EXACT_DATE,SRC-113,"r.9, r.10",T1,29-11-2023,HIGH,IMPLEMENTATION_SAFE,DETERMINISTIC,
R-085,LOC-NBWL,RULE_LOGIC,NBWL ,-,-,NBWL := EC_REQUIRED AND (F-GEO-04 == TRUE OR (F-GEO-06 == FALSE AND F-GEO-05 <= 10)) -> Standing Committee NBWL recommendation ; any UNKNOWN operand -> CONDITIONAL,F-GEO-04;F-GEO-05;F-GEO-06,10 km,see condition,-,-,-,-,-,VERIFIED_CONDITIONAL,2006-12-04,OPEN,EXACT_DATE,SRC-114,order text,T2,04-12-2006,MEDIUM,IMPLEMENTATION_SAFE,DETERMINISTIC,Individual ESZ notifications may set other limits - ESZ notification governs where issued
R-086,APR-023,REGISTRATION,Boiler registration,AUT-007,STATEWIDE,"BOILER_REGISTRATION := BOILER (R-028) == TRUE AND NOT registered -> apply to Inspector (s.12(1)); engage inspecting authority at erection (s.9(1)); exam date <=30 d, notice >=10 d; report to Chief Inspector <=7 d; certificate <=12 months",R-028;F-BLR-07,30 ; 10 ; 7 ; 12 days/months,see condition,Erection inspection by inspecting authority (s.9),-,SLA-013;SLA-040;SLA-047,LEGAL;PORTAL;RTS/SERVICE,PRE_OPERATION,VERIFIED,2025-05-01,OPEN,EXACT_DATE,SRC-034,s.12(1)-(6),T1,2025-04-04,HIGH,IMPLEMENTATION_SAFE,DETERMINISTIC,
R-087,APR-023,REGISTRATION,Boiler registration,AUT-007,STATEWIDE,BOILER_EXISTING := F-BLR-07 == 'REGISTERED_UNDER_1923_ACT' -> deemed registered (s.45(2)(f)); certificate continues until date shown unless cancelled (s.45(2)(g)),F-BLR-07;F-BLR-08,- -,see condition,Erection inspection by inspecting authority (s.9),-,SLA-013;SLA-040;SLA-047,LEGAL;PORTAL;RTS/SERVICE,PRE_OPERATION,VERIFIED,2025-05-01,OPEN,EXACT_DATE,SRC-034,s.45(2),T1,2025-04-04,HIGH,IMPLEMENTATION_SAFE,DETERMINISTIC,
R-088,CMP-009,RULE_LOGIC,BOILER_CERT_CEASES ,-,-,BOILER_CERT_CEASES := expiry OR accident OR move (except vertical <20 m2 HS / portable / vehicular) OR structural alteration (save s.17) OR CI direction on steam-pipe alteration OR prohibition order -> renewal application (s.13(3)); continued use pending decision only if applied before expiry (s.15),F-BLR-08;events,- -,see condition,-,-,SLA-014;SLA-041,LEGAL;RTS/SERVICE,-,VERIFIED,2025-05-01,OPEN,EXACT_DATE,SRC-034,s.13(1)(a)-(f); s.15,T1,2025-04-04,HIGH,IMPLEMENTATION_SAFE,DETERMINISTIC,
R-089,APR-022,REGISTRATION,Inter-State Migrant Workmen registration/licence,AUT-006,STATEWIDE,ISMW := F-LAB-08 >= 10 (inter-State migrant workers on any day of preceding 12 months),F-LAB-08,10 workers,see condition,-,-,SLA-011;SLA-012,RTS/SERVICE,PRE_OPERATION,VERIFIED_CONDITIONAL,2025-11-21,OPEN,EXACT_DATE,SRC-081,s.59,T1,2020-09-29,HIGH,IMPLEMENTATION_SAFE,DETERMINISTIC,MH procedure under State rules DRAFT; portal service cites ISMW Act 1979 (PORTAL_LEGACY)
R-090,APR-021,REGISTRATION,BOCW establishment registration (construction phase),AUT-006,STATEWIDE,BOCW := F-LAB-05 >= 10 AND construction NOT excluded by s.2(1)(h) ; exclusion for construction 'related to factory' -> UNKNOWN for construction of a new factory (interpretation),F-LAB-05,10 building workers,see condition,-,-,SLA-010,RTS/SERVICE,PRE_ESTABLISHMENT,REQUIRES_OFFICIAL_CONFIRMATION,2025-11-21,OPEN,EXACT_DATE,SRC-081,s.2(1)(h),T1,2020-09-29,MEDIUM,REQUIRES_CONFIRMATION,DETERMINISTIC,
R-091,APR-012,REPORT,MSIHC - notification of site / safety report / on-site emergency plan,Per Sch 5: AUT-005 (Chief Inspector of Factories) for installations/storages under factory law; AUT-003 (SPCB) for isolated storage not so covered; AUT-008 (Chief Controller of Explosives) for PESO-licensed installations; District Collector for off-site plan,"CENTRAL rules, state authority","MAH_DERIVED := msihc_mapping_steps M1..M9 ; TRUE if any resolved chemical/class aggregate >= col 3 ; FALSE only if all hazardous chemicals resolved (identity, Part I entry or Part II class, qty) and none >= col 3 ; else UNKNOWN ; per-chemical threshold values currently REQUIRES_OFFICIAL_CONFIRMATION",F-HAZ-01;F-HAZ-02;F-HAZ-03;F-HAZ-04,Sch 2/3 col 3 t,see condition,-,DOC-009,SLA-030;SLA-034;SLA-035,LEGAL,PRE_OPERATION,VERIFIED_CONDITIONAL,1989-11-27,OPEN,EXACT_DATE,SRC-016;SRC-134,r.2; Schedules 1-3,T1;T2,2000,MEDIUM,IMPLEMENTATION_SAFE,DETERMINISTIC,"Per-chemical thresholds from msihc_t1_thresholds / msihc_value_chronology; only cells with status VERIFIED / VERIFIED_PRIMARY_GAZETTE / VERIFIED_T1_CONSOLIDATED are used; blocked cells (S1-TOX, S2-18 "
R-092,APR-026,LICENCE,Petroleum storage licence (Form XII/XIII District Authority; Form XV/XVI PESO) +,AUT-008 / AUT-009,CENTRAL,"PET_DA_NOC := new licence where licensing authority is CCE/Controller AND form NOT IN {III,XI,XVII,XVIII,XIX} -> District Authority NOC required (DA decision within 3 months; objection -> Central Govt sanction)",R-032,3 months,see condition,DOC-008 (Rule 144 NOC);District Authority NOC (r.144);Plan approval (r.131) for Forms XIV/XV/XVI,DOC-008,SLA-045,LEGAL,PRE_OPERATION,VERIFIED_CONDITIONAL,2002,OPEN,YEAR_ONLY (temporal query before year-end -> INSUFFICIENT_DATA),SRC-117,r.144,T1,18-03-2002,HIGH,IMPLEMENTATION_SAFE,DETERMINISTIC,
R-093,CMP-024,RULE_LOGIC,CMVR_CONSIGNOR ,-,-,"CMVR_CONSIGNOR := F-TRN-01 == TRUE (unit consigns Table III dangerous/hazardous goods by road) -> consignor duties r.131 (valid registration of carriage, safety/first-aid equipment and antidotes, full information to transporter, trained driver)",F-TRN-01,TRUE -,see condition,-,-,-,-,-,VERIFIED_CONDITIONAL,1993,OPEN,YEAR_ONLY (temporal query before year-end -> INSUFFICIENT_DATA),SRC-102,r.131,T1,1989,HIGH,IMPLEMENTATION_SAFE,DETERMINISTIC,
R-094,CMP-025,RULE_LOGIC,EWASTE_BULK ,-,-,EWASTE_BULK := F-EEE-01 >= 1000 (units of Schedule-I EEE used at any point in the FY) -> hand over e-waste only to registered producer/refurbisher/recycler (r.8),F-EEE-01,1000 units,see condition,-,-,-,-,-,VERIFIED_CONDITIONAL,2023-04-01,OPEN,EXACT_DATE,SRC-135,r.3; r.8,T1,02-11-2022,HIGH,IMPLEMENTATION_SAFE,DETERMINISTIC,
R-095,CND-022,RULE_LOGIC,ODS_REG ,-,-,"ODS_REG := F-ODS-01 == TRUE (enterprise uses an ODS in a Schedule IV activity) -> registration (r.8, Form 11) ; producer (r.3) / seller (r.6) branches if applicable ; UNKNOWN -> UNKNOWN",F-ODS-01,TRUE -,see condition,-,-,-,-,-,VERIFIED_CONDITIONAL,2000,OPEN,YEAR_ONLY (temporal query before year-end -> INSUFFICIENT_DATA),SRC-127,r.8,T1,17-07-2000,MEDIUM,IMPLEMENTATION_SAFE,DETERMINISTIC,Amendments after India Code copy not checked
R-096,APR-010,APPROVAL,Hazardous waste authorisation (Form 1 -> Form 2),AUT-003,STATEWIDE,HW_SCH2_TEST := for a waste not listed in Sch I: hazardous if any Sch II characteristic met (Class A TCLP > limit; Class B > limit; C1 flash point < 60 C; C2 pH <= 2 or >= 12.5 or corrosion > 6.35 mm/yr at 55 C; C3 reactive) ; without lab data -> INSUFFICIENT_DATA,F-HW-04,Sch II limits -,see condition,APR-008;APR-009,DOC-001;DOC-002;DOC-003,SLA-004,LEGAL,PRE_OPERATION,VERIFIED_CONDITIONAL,2016-04-04,OPEN,EXACT_DATE,SRC-120,Schedule II Class A/B/C,T2,04-04-2016,MEDIUM,IMPLEMENTATION_SAFE,DETERMINISTIC,Never infer a waste code; post-2016 Schedule II amendments UNK-034
R-097,CND-024,RULE_LOGIC,MH_GW_DEEP_WELL_PROHIBITION ,-,-,"MH_GW_DEEP_WELL_PROHIBITION := IF F-GW-02 > 60 m AND purpose IN {agriculture, industry} AND F-GW-03 (village in MWRRA 2015 annexure of 80 watersheds) == TRUE THEN APPLIES (prohibited; drinking-water exception via Sub-Divisional Officer) ; F-GW-03 FALSE -> DOES_NOT_APPLY for this order only ; any inp",F-GW-02;F-GW-03,60 m,see condition,-,-,-,-,-,REQUIRES_OFFICIAL_CONFIRMATION,2015-07-31,OPEN,EXACT_DATE,SRC-166;SRC-131;SRC-132,"MWRRA Prohibition Order 31-07-2015 paras 1-4; watershed list p.2; village annexure 24-04-2015; Act s.2 (deep well), s.8(1)",T1,31-07-2015,MEDIUM,REQUIRES_CONFIRMATION,DETERMINISTIC,v5: primary order located (T1). Order is 'until further orders'; no revocation/modification located but currency after 2015 and the complete village list are not confirmed -> REQUIRES_OFFICIAL_CONFIRM
R-098,CND-025,RULE_LOGIC,MATHADI ,-,-,MATHADI := F-LOC-19 (locality covered by an area/employment notification) AND F-LAB-10 (engages workers in a scheduled employment e.g. loading/unloading of chemical products) -> registration under applicable Board scheme ; UNKNOWN -> CONDITIONAL,F-LOC-19;F-LAB-10,- -,see condition,-,-,-,-,-,REQUIRES_OFFICIAL_CONFIRMATION,1969,OPEN,YEAR_ONLY (temporal query before year-end -> INSUFFICIENT_DATA),SRC-128,s.1(4A); footnotes,T1,1969,MEDIUM,REQUIRES_CONFIRMATION,DETERMINISTIC,
R-099,APR-040,NOC,Final fire NOC (non-MIDC),AUT-012,NON_MIDC,FINAL_FIRE_APPROVAL_RENEWAL := IF F-FIR-20 == TRUE THEN CONDITIONAL (renewal per that Act/Rule) ELSE IF F-FIR-20 == FALSE THEN DOES_NOT_APPLY ELSE UNKNOWN ; Form B (Jan/Jul) always evaluated separately (FR-04),F-FIR-20,- -,see condition,Provisional Fire Safety Approval,-,-,-,PRE_OPERATION,VERIFIED_CONDITIONAL,2023-05-30,OPEN,EXACT_DATE,SRC-145,"Circular 31-01-2025 paras 3, 4, 6; Circular 30-10-2014 paras 2-5",T2,31-01-2025,HIGH,IMPLEMENTATION_SAFE,DETERMINISTIC,"Unresolved item is the sector-specific exception (FR-03), not the general principle"
R-100,APR-026,LICENCE,Petroleum storage licence (Form XII/XIII District Authority; Form XV/XVI PESO) +,AUT-008 / AUT-009,CENTRAL,PESO_PETROLEUM_LICENCE_RENEWAL := IF unit holds Petroleum Rules licence (not Form III/XVII) THEN renewal before 31 Dec of expiry year (validity max 3 y) ; licence held UNKNOWN -> UNKNOWN,-,3 years (max),see condition,DOC-008 (Rule 144 NOC);District Authority NOC (r.144);Plan approval (r.131) for Forms XIV/XV/XVI,DOC-008,SLA-045,LEGAL,PRE_OPERATION,VERIFIED_CONDITIONAL,2002-03-18,-,EXACT_DATE,SRC-117,r.142(2); r.148(1)-(2),T1,18-03-2002,,IMPLEMENTATION_SAFE,DETERMINISTIC,SECTOR_SPECIFIC_CERTIFICATE; not a fire-approval renewal
R-101,APR-027,LICENCE,Gas cylinder storage licence (Form F),AUT-008,CENTRAL,PESO_GCR_LICENCE_RENEWAL := IF unit holds Form E/F/G licence THEN renewal before 30 Sept of expiry year (validity max 10 y) ; UNKNOWN -> UNKNOWN,-,10 years (max),see condition,-,-,-,-,PRE_OPERATION,VERIFIED_CONDITIONAL,2016-11-22,-,EXACT_DATE,SRC-169,r.51(2); r.55(2),T1,22-11-2016,,IMPLEMENTATION_SAFE,DETERMINISTIC,SECTOR_SPECIFIC_CERTIFICATE
R-102,APR-028,LICENCE,SMPV(U) licence (LS-1A) and prior approval,AUT-008,CENTRAL,PESO_SMPV_LICENCE_RENEWAL := IF unit holds LS-1A/LS-1B licence THEN renewal before 30 Sept of expiry year (validity max 5 y) ; UNKNOWN -> UNKNOWN,-,5 years (max),see condition,APR-028 (prior approval of plans),-,-,-,PRE_ESTABLISHMENT;PRE_OPERATION,VERIFIED_CONDITIONAL,2016-12-01,-,EXACT_DATE,SRC-174,r.51(1); r.55(2),T1,01-12-2016,,IMPLEMENTATION_SAFE,DETERMINISTIC,SECTOR_SPECIFIC_CERTIFICATE
R-103,APR-028,LICENCE,SMPV(U) licence (LS-1A) and prior approval,AUT-008,CENTRAL,"SMPV_DA_NOC := IF application_date < 2026-06-05 AND new LS-1A/LS-1B licence AND gas NOT (non-toxic AND non-flammable) THEN APPLIES (District Authority NOC, r.47) ; IF application_date >= 2026-06-05 THEN DOES_NOT_APPLY (r.47 omitted) ; application_date UNKNOWN -> INSUFFICIENT_DATA",-,2026-06-05 date,see condition,APR-028 (prior approval of plans),-,-,-,PRE_ESTABLISHMENT;PRE_OPERATION,VERIFIED,2016-12-01,2026-06-04,EXACT_DATE,SRC-174;SRC-177,r.47(1); G.S.R. 448(E) rule 4,T1,01-12-2016,,IMPLEMENTATION_SAFE,DETERMINISTIC,Temporal rule; treatment of applications pending on 05-06-2026 not stated -> INSUFFICIENT_DATA for those
R-104,APR-027,LICENCE,Gas cylinder storage licence (Form F),AUT-008,CENTRAL,"GCR_DA_NOC := IF Form F licence for storage for SALE/TRADING (not own use) and not part of a filling plant, OR Form G (CNG) THEN APPLIES ; own-use Form F -> DOES_NOT_APPLY ; purpose UNKNOWN -> INSUFFICIENT_DATA",-,- -,see condition,-,-,-,-,PRE_OPERATION,VERIFIED_CONDITIONAL,2016-11-22,-,EXACT_DATE,SRC-169;SRC-173,"r.48(1),(2),(3); G.S.R. 315(E) r.48(3)(b)",T1,22-11-2016,,IMPLEMENTATION_SAFE,DETERMINISTIC,r.48(3)(b) wording extended by 2026 amendment ('or other flammable gases')
R-105,PS-02,RULE_LOGIC,PLANNING_ZONE_PERMISSIBILITY ,-,-,"PLANNING_ZONE_PERMISSIBILITY := IF any of F-LOC-05 planning_authority, F-PLN-02 zone, F-PLN-03 proposed_use, F-PLN-04 existing_use is UNKNOWN THEN INSUFFICIENT_DATA ; ELSE CONDITIONAL (AUTHORITY_SITE_DEPENDENT: permissibility and change of use decided by the planning authority under its DP/RP and UD",F-LOC-05;F-PLN-02;F-PLN-03;F-PLN-04,- -,see condition,-,-,-,-,-,VERIFIED_CONDITIONAL,-,-,UNKNOWN (temporal query -> INSUFFICIENT_DATA),SRC-123;SRC-124,"MRTP s.2(19), s.44; UDCPR Reg.1.4(iii)",T1;T2,1966,HIGH,IMPLEMENTATION_SAFE,DETERMINISTIC,Never returns APPLIES/DOES_NOT_APPLY for zone permissibility
