sla_id,approval_id,service,sla_value,unit,clock_start,sla_source_type,source_ids,conflict_id,notes,record_state,final_status,timeline_type,consent_types,effective_date,exact_locator
SLA-001,APR-008;APR-009,MPCB consent - Green,15,WORKING_DAYS,UNKNOWN (circular does not state the clock-start event),STATE_CIRCULAR (MPCB Board administrative direction),SRC-008,CON-003,"Green: 15 WORKING days. Supersedes MPCB circular 28-04-2025 except its penal-fee provisions. Silent on expansion/amendment consents, Blue/White categories, clock start and GSR 62/63(E). Category mapping of a unit is an INPUT (never inferred).",ACTIVE,VERIFIED_CONDITIONAL,ADMINISTRATIVE,CTE; CTO; Renewal (one revised value per category row),2026-02-23 (immediate effect),"Circular BO/AST/EoDB/B-68 dt 23/02/2026, p.2 table 'Revised timeline (In Working days)'"
SLA-002,APR-008;APR-009,MPCB consent - Orange,24,WORKING_DAYS,UNKNOWN (circular does not state the clock-start event),STATE_CIRCULAR (MPCB Board administrative direction),SRC-008,CON-003,"Orange: 24 WORKING days. Supersedes MPCB circular 28-04-2025 except its penal-fee provisions. Silent on expansion/amendment consents, Blue/White categories, clock start and GSR 62/63(E). Category mapping of a unit is an INPUT (never inferred).",ACTIVE,VERIFIED_CONDITIONAL,ADMINISTRATIVE,CTE; CTO; Renewal (one revised value per category row),2026-02-23 (immediate effect),"Circular BO/AST/EoDB/B-68 dt 23/02/2026, p.2 table 'Revised timeline (In Working days)'"
SLA-003,APR-008;APR-009,MPCB consent - Red,40,WORKING_DAYS,UNKNOWN (circular does not state the clock-start event),STATE_CIRCULAR (MPCB Board administrative direction),SRC-008,CON-003,"Red: 40 WORKING days. Supersedes MPCB circular 28-04-2025 except its penal-fee provisions. Silent on expansion/amendment consents, Blue/White categories, clock start and GSR 62/63(E). Category mapping of a unit is an INPUT (never inferred).",ACTIVE,VERIFIED_CONDITIONAL,ADMINISTRATIVE,CTE; CTO; Renewal (one revised value per category row),2026-02-23 (immediate effect),"Circular BO/AST/EoDB/B-68 dt 23/02/2026, p.2 table 'Revised timeline (In Working days)'"
SLA-004,APR-010,HW authorisation,120,DAYS,Receipt of complete application,STATUTORY_RULE,SRC-013,,,ACTIVE,VERIFIED,LEGAL,,,
SLA-005,APR-015,DISH factory plan approval,60,DAYS,RTS,RTS_NOTIFIED,SRC-031,,,ACTIVE,VERIFIED,RTS/SERVICE,,,
SLA-006,APR-016,DISH registration & licence / renewal / amendment,60,DAYS,RTS,RTS_NOTIFIED,SRC-031,,,ACTIVE,VERIFIED,RTS/SERVICE,,,
SLA-007,APR-018,Shops & Establishments registration,1,DAYS,RTS,RTS_NOTIFIED,SRC-031,,,ACTIVE,VERIFIED,RTS/SERVICE,,,
SLA-008,APR-019,CLRA principal employer registration,7,DAYS,RTS,RTS_NOTIFIED,SRC-031,,Deemed registration on expiry (SRC-070),ACTIVE,VERIFIED,RTS/SERVICE,,,
SLA-009,APR-020,CLRA contractor licence / renewal,7,DAYS,RTS,RTS_NOTIFIED,SRC-031,,,ACTIVE,VERIFIED,RTS/SERVICE,,,
SLA-010,APR-021,BOCW establishment registration,7,DAYS,RTS,RTS_NOTIFIED,SRC-031,,,ACTIVE,VERIFIED,RTS/SERVICE,,,
SLA-011,APR-022,ISMW registration,21,DAYS,RTS,RTS_NOTIFIED,SRC-031,,,ACTIVE,VERIFIED,RTS/SERVICE,,,
SLA-012,APR-022,ISMW licences,7,DAYS,RTS,RTS_NOTIFIED,SRC-031,,,ACTIVE,VERIFIED,RTS/SERVICE,,,
SLA-013,APR-023,Boiler registration,43 (boiler made in MH) / 50 (made outside MH) per mahaboiler; 50 per Labour RTS page,DAYS,RTS,RTS_NOTIFIED,SRC-031,CON-008,Notified under legacy framework,ACTIVE,REQUIRES_OFFICIAL_CONFIRMATION,RTS/SERVICE,,,
SLA-014,CMP-009,Boiler renewal certificate,7 (Labour RTS page) / 17** (mahaboiler),DAYS,RTS,RTS_NOTIFIED,SRC-031,CON-008,,ACTIVE,REQUIRES_OFFICIAL_CONFIRMATION,RTS/SERVICE,,,
SLA-015,APR-030,MIDC combined BP + provisional fire NOC,35,DAYS,Application,DEPARTMENT_PORTAL,SRC-043,CON-001,Alt: 15 days (SRC-044); provisional fire 30 days (SRC-047),ACTIVE,REQUIRES_OFFICIAL_CONFIRMATION,PORTAL,,,
SLA-016,APR-032,MIDC occupancy certificate,10,DAYS,Application,DEPARTMENT_PORTAL,SRC-043,CON-001,"Portal list SRC-043 = 10 days; AllServicesAnon SRC-110 and planning page SRC-044 = 8 days; EoDB pre-operation SRC-046 = 15 days. RTS legal SLA not read (MIDC RTS PDF, UNK-037). All preserved in midc_sla.csv.",ACTIVE,REQUIRES_OFFICIAL_CONFIRMATION,PORTAL,,,
SLA-017,APR-033,MIDC final fire NOC,15,DAYS,Application,DEPARTMENT_PORTAL,SRC-043,,Consistent with SRC-047,ACTIVE,VERIFIED,PORTAL,,,
SLA-018,CMP-008,MIDC fire renewal,15,DAYS,Application,DEPARTMENT_PORTAL,SRC-043,,,ACTIVE,VERIFIED,PORTAL,,,
SLA-019,APR-034,MIDC water connection,15,DAYS,Application,DEPARTMENT_PORTAL,SRC-043,,,ACTIVE,VERIFIED,PORTAL,,,
SLA-020,APR-035,MIDC drainage connection,15,DAYS,Application,DEPARTMENT_PORTAL,SRC-043,,,ACTIVE,VERIFIED,PORTAL,,,
SLA-021,APR-036,MIDC tree felling,45,DAYS,Application,DEPARTMENT_PORTAL,SRC-043,CON-001,Alt: 60 days (SRC-044),ACTIVE,REQUIRES_OFFICIAL_CONFIRMATION,PORTAL,,,
SLA-022,APR-037,MIDC change in manufacturing activity,21,DAYS,Application,DEPARTMENT_PORTAL,SRC-043,,,ACTIVE,VERIFIED,PORTAL,,,
SLA-023,APR-031,MIDC plinth e-intimation,7,DAYS,Intimation,DEPARTMENT_PORTAL,SRC-043,,,ACTIVE,VERIFIED,PORTAL,,,
SLA-024,APR-031,MIDC commencement e-intimation,0,DAYS,Intimation,DEPARTMENT_PORTAL,SRC-043,CON-001,Alt: commencement 30 days (SRC-045),ACTIVE,REQUIRES_OFFICIAL_CONFIRMATION,PORTAL,,,
SLA-025,APR-039,Non-MIDC provisional fire NOC (e-Fire),7,WORKING_DAYS,After payment UTR,DEPARTMENT_PORTAL,SRC-048,,,ACTIVE,VERIFIED,PORTAL,,,
SLA-026,APR-046,Electrical installation approval (>650V-33kV Electrical Inspector; 33-220kV SE; >220kV CEI),30,DAYS,RTS,RTS_NOTIFIED,SRC-041,,Notification cites CEA 2010 regs (superseded),ACTIVE,VERIFIED,RTS/SERVICE,,,
SLA-027,APR-047,Lift erection permission,30,DAYS,RTS,RTS_NOTIFIED,SRC-041,,,ACTIVE,VERIFIED,RTS/SERVICE,,,
SLA-028,APR-047,Lift licence,30,DAYS,RTS,RTS_NOTIFIED,SRC-041,,,ACTIVE,VERIFIED,RTS/SERVICE,,,
SLA-029,APR-045,Electricity connection (MSEDCL),7 (no RoW) / 15 (RoW),DAYS,Application,STATE_EODB_STATEMENT,SRC-070,,Not a MERC regulation citation; other licensees UNKNOWN,ACTIVE,VERIFIED_CONDITIONAL,ADMINISTRATIVE,,,
SLA-030,APR-012,MSIHC site notification - lead time,90 (>=3 months),DAYS_BEFORE_ACTIVITY,Before commencement,STATUTORY_RULE,SRC-016,,"Lead time, not authority SLA",ACTIVE,VERIFIED,LEGAL,,,
SLA-031,APR-043,CGWA NOC,NOT_STATED,-,-,STATUTORY_GUIDELINE,SRC-052,,Guidelines state no decision timeline,ACTIVE,UNKNOWN,LEGAL,,,
SLA-032,APR-001,EC appraisal,UNKNOWN,-,-,-,-,,Not extracted in this pack,ACTIVE,UNKNOWN,ADMINISTRATIVE,,,
SLA-033,FAC-001,MAITRI escalation,On breach of RTS timeline -> Empowered Committee,-,-,STATUTE/HANDBOOK,SRC-059;SRC-060,,,ACTIVE,VERIFIED,LEGAL,,,
SLA-034,APR-012,MSIHC: concerned authority acts on r.7 report,60,DAYS,Receipt of report,STATUTE,SRC-016,-,r.7,ACTIVE,VERIFIED,LEGAL,,,
SLA-035,APR-012,MSIHC safety report lead time,90,DAYS_BEFORE_ACTIVITY,Before commencement,STATUTE,SRC-016,-,r.10(1),ACTIVE,VERIFIED,LEGAL,,,
SLA-036,APR-009,CTO for expansion/amendment - central outer limit,90 / 60 / 30,DAYS,Receipt of application,CENTRAL_GUIDELINE,SRC-006,-,Column mapping UNK-031,ACTIVE,REQUIRES_OFFICIAL_CONFIRMATION,LEGAL,,,
SLA-037,APR-009,MPCB auto-renewal (self-declaration),7,DAYS,Self-declaration,STATE_CIRCULAR,SRC-069,CON-006,Status after 27-01-2026 UNKNOWN,ACTIVE,REQUIRES_OFFICIAL_CONFIRMATION,ADMINISTRATIVE,,,
SLA-038,APR-060,OSH establishment registration - employer's application window,60,DAYS,Applicability of Code,STATUTE (duty on applicant),SRC-081,-,s.3(1),ACTIVE,VERIFIED,LEGAL,,,
SLA-039,APR-058,CWC annual declarations,90 after year end / 60 before year start,DAYS,Calendar year,CENTRAL_GUIDANCE,SRC-098,-,,ACTIVE,VERIFIED,LEGAL,,,
SLA-040,APR-023,Boiler registration - Inspector fixes examination date,30 (or shorter State period); notice >=10; report to CI within 7,DAYS,Receipt of application,STATUTE,SRC-034,CON-020,"Statutory step timeline, not end-to-end",ACTIVE,VERIFIED,LEGAL,,,
SLA-041,CMP-009,Boiler certificate renewal - competent person inspection,15; defects to owner within 48 h,DAYS,Receipt of renewal application,STATUTE,SRC-034,-,,ACTIVE,VERIFIED,LEGAL,,,
SLA-042,APR-038,MRTP development permission - deemed permission clock,60,DAYS,"Application or reply to requisition, whichever later",STATUTE,SRC-123,-,Deemed only if DCR-conformant (R-081),ACTIVE,VERIFIED_CONDITIONAL,LEGAL,,,
SLA-043,APR-038,Appeal against refusal/conditions,40,DAYS,Communication of order,STATUTE (applicant window),SRC-123,-,,ACTIVE,VERIFIED,LEGAL,,,
SLA-044,LOC-CRZ,CRZ clearance - CZMA recommendation / MoEFCC decision,60 + 60,DAYS,Receipt of complete application,STATUTE (notification),SRC-112,-,,ACTIVE,VERIFIED_CONDITIONAL,LEGAL,,,
SLA-045,APR-026,District Authority NOC for petroleum licence,3,MONTHS,Receipt of application by DA,STATUTE (rules),SRC-117,-,,ACTIVE,VERIFIED_CONDITIONAL,LEGAL,,,
SLA-046,APR-016,DISH licence (MAH/hazardous 30 d; other 7 d); plan approval 30 d,30 / 7 / 30,DAYS,Portal-stated,PORTAL (RTS list citing Factories Act 1948 - PORTAL_LEGACY),SRC-136;SRC-088,CON-016,Not a statutory SLA under the OSH Code,ACTIVE,VERIFIED_CONDITIONAL,PORTAL,,,
SLA-047,APR-023,Boiler registration (portal),30,DAYS,Portal-stated,PORTAL (legacy basis 'not stated'),SRC-136,CON-020,,ACTIVE,VERIFIED_CONDITIONAL,PORTAL,,,
SLA-048,APR-008;APR-009,Consent (CTE / CTO / Renewal) - Green - central outer limit as recited by MPCB,30 / 30 / 30,DAYS (CTE / CTO / Renewal),UNKNOWN (not stated in recital),CENTRAL_NOTIFICATION (as recited),SRC-008;SRC-004,CON-003,Recited in MPCB circular p.2 as 'existing timeline as per MoEF&CC Notification No.84(E) 29/01/2025'. Central gazette not re-read in v5; G.S.R. 62/63(E) 23-01-2026 amended the guidelines and their effect on these values is not verified.,ACTIVE,REQUIRES_OFFICIAL_CONFIRMATION,LEGAL,CTE; CTO; Renewal,2025-01-29 (per recital),"Circular BO/AST/EoDB/B-68 dt 23/02/2026, p.2 table 'Existing timeline as per MoEF&CC notification'"
SLA-049,APR-008;APR-009,Consent (CTE / CTO / Renewal) - Orange - central outer limit as recited by MPCB,45 / 60 / 60,DAYS (CTE / CTO / Renewal),UNKNOWN (not stated in recital),CENTRAL_NOTIFICATION (as recited),SRC-008;SRC-004,CON-003,Recited in MPCB circular p.2 as 'existing timeline as per MoEF&CC Notification No.84(E) 29/01/2025'. Central gazette not re-read in v5; G.S.R. 62/63(E) 23-01-2026 amended the guidelines and their effect on these values is not verified.,ACTIVE,REQUIRES_OFFICIAL_CONFIRMATION,LEGAL,CTE; CTO; Renewal,2025-01-29 (per recital),"Circular BO/AST/EoDB/B-68 dt 23/02/2026, p.2 table 'Existing timeline as per MoEF&CC notification'"
SLA-050,APR-008;APR-009,Consent (CTE / CTO / Renewal) - Red - central outer limit as recited by MPCB,60 / 90 / 120,DAYS (CTE / CTO / Renewal),UNKNOWN (not stated in recital),CENTRAL_NOTIFICATION (as recited),SRC-008;SRC-004,CON-003,Recited in MPCB circular p.2 as 'existing timeline as per MoEF&CC Notification No.84(E) 29/01/2025'. Central gazette not re-read in v5; G.S.R. 62/63(E) 23-01-2026 amended the guidelines and their effect on these values is not verified.,ACTIVE,REQUIRES_OFFICIAL_CONFIRMATION,LEGAL,CTE; CTO; Renewal,2025-01-29 (per recital),"Circular BO/AST/EoDB/B-68 dt 23/02/2026, p.2 table 'Existing timeline as per MoEF&CC notification'"
