table,active_records,VERIFIED,VERIFIED_CONDITIONAL,UNKNOWN,REQUIRES_OFFICIAL_CONFIRMATION,DO_NOT_IMPLEMENT_YET
activities,26,0,26,0,0,0
approvals,58,1,41,1,11,4
authorities,22,15,0,0,7,0
compliance,29,1,20,1,5,2
conditional_regs,25,2,13,5,5,0
conflicts,28,8,14,0,5,1
dependencies,34,7,18,7,2,0
dependency_verification,14,1,7,5,1,0
do_not_implement,24,0,0,1,0,23
documents,12,0,7,1,4,0
dsb_workflow,6,1,2,1,2,0
edge_tests,178,1,153,1,21,2
epr_regimes,9,0,6,1,2,0
epr_role_screening,13,1,8,0,4,0
facts,128,128,0,0,0,0
fire_renewal_model,7,2,4,0,1,0
groundwater_regulator_matrix,6,0,2,1,2,1
hw_streams,54,0,52,2,0,0
implementation_safe_rules,83,9,74,0,0,0
incentives,9,0,1,1,0,7
maitri_integration,25,0,0,0,25,0
mfs_annexA_cells,15,0,15,0,0,0
mfs_industrial_order,26,1,25,0,0,0
midc_rts_services,17,6,11,0,0,0
midc_sla,14,7,7,0,0,0
mpcb_consent_timeline_2026,11,0,9,2,0,0
mpcb_gsr62_63_implementation,11,2,3,3,2,1
msihc_amendment_chain,6,3,3,0,0,0
msihc_t1_thresholds,221,218,1,0,2,0
msihc_value_chronology,221,218,1,0,2,0
peso_thresholds,14,1,8,1,3,1
planning_model_fields,9,0,9,0,0,0
planning_steps,8,0,6,0,2,0
portals,18,0,4,14,0,0
regimes,34,27,5,2,0,0
requires_confirmation,52,0,1,4,47,0
rules,105,8,68,2,24,3
sector_specific_certificates,5,1,3,0,1,0
sla,50,28,9,2,11,0
sources,188,76,95,3,13,1
unknowns,44,4,9,14,13,4
