unknown_id,question,why_it_matters,what_would_resolve,related_ids,status,record_state,final_status
UNK-001,"Is MPCB implementing CTO 'valid until cancelled' + one-time fee (GSR 62/63 2026), or the 13-08-2025 auto-renewal scheme (Red 5/Orange 10/Green 15 yrs)?",Determines renewal compliance and fees,Read MPCB circular 22-04-2026 fully / MPCB confirmation,APR-009;CMP-007;SRC-006;SRC-069,PARTIALLY_RESOLVED - central text verified (CTO valid till cancelled; one-time fee 5-25 yrs set by State). MPCB 22-04-2026 notice only circulates the Gazette. MH fee schedule and treatment of existing CTOs: REQUIRES_OFFICIAL_CONFIRMATION,ACTIVE,REQUIRES_OFFICIAL_CONFIRMATION
UNK-002,How is MPCB category determined when a unit has multiple CPCB sector codes?,"Category drives timelines, fees, BP rule in MIDC",Official MPCB/CPCB clarification,R-015,CLASSIFIED - no official aggregation rule found; engine returns UNKNOWN; REQUIRES_OFFICIAL_CONFIRMATION from MPCB,ACTIVE,REQUIRES_OFFICIAL_CONFIRMATION
UNK-003,Deemed CTE for micro/small in notified estates - operative in Maharashtra? Applies to Red?,Could remove CTE step,MPCB SOP,R-016,"PARTIALLY_RESOLVED - text verified (micro/small, notified estate, self-certified Form-I; no category restriction). MPCB workflow: REQUIRES_OFFICIAL_CONFIRMATION",ACTIVE,REQUIRES_OFFICIAL_CONFIRMATION
UNK-004,Is a given MIDC estate a 'notified industrial area/estate' for EIA 5(f) and does it hold estate EC?,A vs B category; SC coverage,MIDC/SEIAA per estate,F-LOC-02;F-LOC-03;R-003;R-005,CLASSIFIED - site-specific fact; REQUIRES_OFFICIAL_CONFIRMATION per estate (MIDC/SEIAA records),ACTIVE,REQUIRES_OFFICIAL_CONFIRMATION
UNK-005,Maharashtra-notified voltage for self-certification under CEA Safety Regs 2023,Electrical inspection trigger,State notification,F-ELE-02;R-048,PARTIALLY_RESOLVED - Central value 11 kV (PIB); Maharashtra notification not found; REQUIRES_OFFICIAL_CONFIRMATION,ACTIVE,REQUIRES_OFFICIAL_CONFIRMATION
UNK-006,Has the Maharashtra Lifts Act 2017 (and 2026 amendment) commenced?,Which lift regime applies,Commencement notification in Maharashtra Gazette,APR-047;REG-LIFT,CLASSIFIED - 2017 Act not in force as at 01-01-2019 (T1 footnote); no later commencement found; 2026 Bill pending; DO_NOT_IMPLEMENT_YET for 2017 regime,ACTIVE,DO_NOT_IMPLEMENT_YET
UNK-007,Maharashtra implementation of Boilers Act 2025 (state portal/services still cite 1923 Act),Correct legal citation and forms,Directorate of Steam Boilers,APR-023;CON-004,CLOSED_V3 - Boilers Act 2025 registration/certificate/renewal/savings extracted; MH services classified PORTAL_LEGACY; State rules 1962 saved under s.45(2)(a) (boiler_lifecycle.csv),ACTIVE,VERIFIED_CONDITIONAL
UNK-008,Final Maharashtra OSH rules; which DISH services continue under saved Factories Act rules,Factory licence/plan approval basis,Gazette of final rules,APR-015;APR-016;APR-017,PARTIALLY_RESOLVED - MH OSH rules still DRAFT (06-05-2026; page updated 01-09-2026); DISH RTS services cite Factories Act = PORTAL LEGACY SERVICE,ACTIVE,REQUIRES_OFFICIAL_CONFIRMATION
UNK-009,"Service-level MAITRI integration for MIDC BP/OC, boilers (user), PESO, CGWA, EC",Portal routing,MAITRI service catalogue (site unreachable 26-09-2026),MAITRI_INTEGRATION,OPEN - MAITRI site unreachable from the research environment on 26-09-2026,ACTIVE,UNKNOWN
UNK-010,Does a project needing 5(f) EC also need separate 8(a) EC for its buildings?,Duplicate EC,SEIAA/MoEFCC clarification,APR-003,OPEN - EIA text does not address 5(f)+8(a) combination; REQUIRES_OFFICIAL_CONFIRMATION (MoEFCC/SEIAA),ACTIVE,UNKNOWN
UNK-011,"CETP availability, capacity and acceptance per estate",Discharge route,MPCB/MIDC/CETP operator,APR-050;F-WAT-04,CLASSIFIED - site/CETP-specific fact,ACTIVE,REQUIRES_OFFICIAL_CONFIRMATION
UNK-012,Status of Maharashtra Groundwater Rules 2018 and GSDA role vs CGWA for industrial NOC,GW permissions,GSDA/Water Supply Dept,CND-024,PARTIALLY_RESOLVED - Act text read; commencement notification not found; REQUIRES_OFFICIAL_CONFIRMATION,ACTIVE,REQUIRES_OFFICIAL_CONFIRMATION
UNK-013,Package Scheme of Incentives under IISP 2025 - issued? transitional status of PSI 2019,Any incentive computation,Industries Dept GR,INC-*,CLASSIFIED - PSI 2025 not found on MIDC (31-07-2026) or Industries GR page (21-08-2026); DO_NOT_IMPLEMENT_YET for incentive computation,ACTIVE,DO_NOT_IMPLEMENT_YET
UNK-014,HW Schedule I/II entry mapping per waste stream,Authorisation content,MPCB/consultant determination,F-HW-02,PARTIALLY_RESOLVED - Schedule I entries for relevant processes extracted (hw_streams.csv); unit-level mapping needs process facts; post-2016 amendments UNK-034,ACTIVE,REQUIRES_OFFICIAL_CONFIRMATION
UNK-015,MSIHC MAH definition column and Sch 3 Part II aggregation rule,MAH status,Re-read MSIHC r.2 and Sch 3 notes,R-019;R-020;R-021,CLOSED_V3 - Resolved in v2 (VERIFIED),ACTIVE,VERIFIED
UNK-016,Gas Cylinders Rules r.44 exemption limits for gases other than LPG,GCR licence trigger,Rule 44 text,R-033,RESOLVED (text) - r.44 limits extracted from T5-hosted copies; REQUIRES_OFFICIAL_CONFIRMATION on Tier-1 copy,ACTIVE,REQUIRES_OFFICIAL_CONFIRMATION
UNK-017,EC validity periods (para 9) and compliance-report periodicity (para 10),Compliance calendar,Consolidated EIA text,CMP-006,"CLOSED_V3 - EIA para 9 (validity 10 y, extension 1 y, condonation windows) and para 10 (half-yearly 1 Jun/1 Dec) extracted",ACTIVE,VERIFIED
UNK-018,Which fire authority (Directorate e-Fire vs municipal fire service) covers a non-MIDC site,Portal and SLA,Fire Services Directorate,APR-039,"CLOSED_V3 - MFPLSM s.3(1): CFO of local/planning authority, else Director; jurisdiction-aware R-078 returns UNKNOWN when CFO status unknown",ACTIVE,VERIFIED_CONDITIONAL
UNK-019,BOCW / ISMW thresholds under OSH Code transition,Registration triggers,OSH Code text / MH rules,APR-021;APR-022,"CLOSED_V3 - BOCW (s.2(1)(h), >=10) and ISMW (s.59, >=10) thresholds extracted",ACTIVE,VERIFIED_CONDITIONAL
UNK-020,Building-type thresholds requiring fire NOC (non-MIDC),Fire NOC trigger,MFPLSM Act/rules,R-042,CLOSED_V3 - Schedule-I industrial/storage/hazardous classes with floor-area rows; R-079,ACTIVE,VERIFIED_CONDITIONAL
UNK-021,Boilers Act 2025 definition boundary values (confirm from gazette),Boiler trigger,SRC-034,R-028,CLOSED_V3 - Resolved in v2,ACTIVE,VERIFIED
UNK-022,"Explosives, NDPS, CWC, ODS, Insecticides, Drugs, Excise, EC Act applicability",Conditional regs,Dedicated research,CND-012..CND-019,CLOSED_V3 - chem_specific_branches: all 9 branches classified with trigger/authority/source; residual items tracked per branch,ACTIVE,VERIFIED_CONDITIONAL
UNK-023,MIDC SLA conflicts (see CON-001),SLA display,MIDC confirmation,SLA-015;SLA-016;SLA-021;SLA-024,CLASSIFIED - conflicts preserved in conflicts.csv and midc_sla.csv,ACTIVE,REQUIRES_OFFICIAL_CONFIRMATION
UNK-024,MAITRI service/department counts (119/15 vs 128/14),Reporting only,MAITRI,CON-002,OPEN,ACTIVE,UNKNOWN
UNK-025,HOWM 2026 amendment (brine sludge) - official gazette,Minor,Gazette,SRC-015,OPEN - MoEFCC listing shows no 2025/2026 HOWM brine-sludge amendment; only secondary source; DO_NOT_IMPLEMENT_YET,ACTIVE,DO_NOT_IMPLEMENT_YET
UNK-026,Electricity connection SoP timelines for non-MSEDCL licensees,SLA,MERC SoP regulations,SLA-029,OPEN,ACTIVE,UNKNOWN
UNK-027,Maharashtra labour-code page date inconsistencies (21.12.2025 vs 21.11.2025; 'notified' vs objections invited),Regime dating,Gazette,CON-005,CLASSIFIED - Gazette notification governs,ACTIVE,REQUIRES_OFFICIAL_CONFIRMATION
UNK-028,Upload size limits for each portal,Document master,Portal specs,DOCUMENTS,NOT_STATED - do not invent,ACTIVE,UNKNOWN
UNK-029,Maharashtra pre-Code factory worker number for the OSH s.2(1)(w) proviso,Could change factory threshold,Maharashtra Factories Act amendment text in force on 20-11-2025,R-022,REQUIRES_OFFICIAL_CONFIRMATION (DISH FAQ gives 20/40 = Code values),ACTIVE,REQUIRES_OFFICIAL_CONFIRMATION
UNK-030,Do hazardous-process notifications made under Factories Act s.85 (small units) survive under OSH Code s.143 savings?,A small chemical unit may be a 'factory' regardless of headcount,DISH / GoM notification,R-022,CLOSED_V3 - OSH s.143(3): rules/notifications under repealed Acts deemed made under the Code and continue to the extent not contrary -> s.85 notifications TRANSITIONAL_SAVED,ACTIVE,VERIFIED_CONDITIONAL
UNK-031,Column headings (categories) of GSR 84/85 para 8 timeline table for 90/60/30,Needed to map outer limits to Red/Orange/Green,Read GSR 84(E)/85(E) 29-01-2025 para 8 table,R-063,OPEN,ACTIVE,UNKNOWN
UNK-032,Status of CTOs granted before 27-01-2026 with fixed validity; interaction with MPCB auto-renewal scheme,Renewal reminders and validity display,MPCB order implementing GSR 62/63,R-062;CON-006,OPEN,ACTIVE,UNKNOWN
UNK-033,Does blending/formulation-only of non-drug synthetic organic products fall in 5(f)?,EC branch for formulation units,MoEFCC/SEIAA clarification,R-064,OPEN,ACTIVE,UNKNOWN
UNK-034,HOWM Schedule I/II amendments after 2016 (official consolidated text),Waste stream entries may have changed,MoEFCC consolidated HOWM text,hw_streams.csv,OPEN,ACTIVE,UNKNOWN
UNK-035,Any MSIHC amendment after 2000,Thresholds/authorities,MoEFCC consolidated MSIHC text,R-019;R-020;R-021,OPEN (none found),ACTIVE,UNKNOWN
UNK-036,Maharashtra Insecticides licensing officer; Drugs Rules form numbers for bulk drug licence,Authority routing,Agriculture Dept / FDA Maharashtra pages,APR-055;APR-056,OPEN,ACTIVE,UNKNOWN
UNK-037,MIDC RTS-notified list (17 services) with legal time limits,Legal SLA vs portal SLA,Read MIDC RTS PDF (Marathi),midc_sla.csv,OPEN,ACTIVE,UNKNOWN
UNK-038,Boilers Act 2025 registration/certificate section and Maharashtra rules,Legal locator for DEP-015,Read Act Chapter on registration; MH notification,APR-023;DEP-015,CLOSED_V3 - Boilers Act 2025 s.11-16 and s.45 extracted; State rules saved,ACTIVE,VERIFIED_CONDITIONAL
UNK-039,"Gas toxicity/flammability classification of NH3, Cl2, H2, O2, N2 etc. under GCR/SMPV definitions",r.44 exemption group,GCR r.2 definitions (Tier-1),R-033,"NOT_APPLICABLE_V3 - Gas classification is only needed by GCR r.44 branch, now DO_NOT_IMPLEMENT_YET; will reopen when official GCR text is captured",ACTIVE,DO_NOT_IMPLEMENT_YET
UNK-040,E-waste / Battery / Plastic / Used-oil EPR roles of a chemical unit,EPR registrations,Role facts + current rules text,CND-023,OPEN - role-dependent,ACTIVE,UNKNOWN
UNK-041,ODS Rules applicability (use of ODS as feedstock/solvent),Registration duties,ODS (Regulation & Control) Rules text,CND-022,CLOSED_V3 - ODS Rules r.3/r.6/r.8 extracted; branch CONDITIONAL on use of ODS in Schedule IV activity (R-095),ACTIVE,VERIFIED_CONDITIONAL
UNK-042,CRZ 2019 / Van Adhiniyam 1980 / ESZ / WLPA detailed triggers,Location-dependent clearances,Site coordinates + instruments,CND-020,"CLOSED_V3 - location_triggers framework (CRZ, forest, NBWL, ESZ, GC 5 km, OE groundwater); outcomes CONDITIONAL - requires geospatial fact",ACTIVE,VERIFIED_CONDITIONAL
UNK-043,Petroleum Rules 2002 Class A small-quantity exemption text (Tier 1),R-029 relies on SOP (T3),PESO Rules PDF,R-029,CLOSED_V3 - T1 Petroleum Rules read: exemption not present; R-029 DO_NOT_IMPLEMENT_YET (CON-014),ACTIVE,VERIFIED
UNK-044,Non-MIDC dependencies: CTO/fire/factory licence -> occupancy certificate,Sequencing outside MIDC,UDCPR / planning authority rules,DEP-023;DEP-024;DEP-025,OPEN,ACTIVE,UNKNOWN
